thoi_diem,do_dai_nghi_gio,xau_dong_truoc,xau_mo_that,khoang_trong_that,uoc_khong_doi,uoc_giu_delta,uoc_mo_hinh,paxg_khoang_trong,sai_so_khong_doi,sai_so_giu_delta,sai_so_mo_hinh
2020-10-04 22:00:00+00:00,50.0,1898.868,1903.828,4.960000000000036,1898.868,1893.8813829286228,1901.5515353780754,-4.986617071377168,-4.960000000000036,-9.946617071377204,-2.2764646219245606
2020-10-11 22:00:00+00:00,50.0,1929.618,1928.788,-0.8299999999999272,1929.618,1932.666486363341,1937.4611594286716,3.0484863633409987,0.8299999999999272,3.878486363340926,8.673159428671624
2020-10-18 22:00:00+00:00,50.0,1898.968,1899.668,0.6999999999998181,1898.968,1904.4445093462934,1899.1677228851124,5.476509346293369,-0.6999999999998181,4.776509346293551,-0.5002771148874672
2020-10-25 22:00:00+00:00,50.0,1901.258,1903.298,2.0399999999999636,1901.258,1898.380216384041,1903.433519161688,-2.8777836159590606,-2.0399999999999636,-4.917783615959024,0.1355191616880802
2020-11-01 23:00:00+00:00,51.0,1878.438,1876.928,-1.509999999999991,1878.438,1880.6077969240562,1885.4925969752367,2.1697969240560724,1.509999999999991,3.6797969240560633,8.564596975236554
2020-11-08 23:00:00+00:00,50.0,1950.298,1954.688,4.3900000000001,1950.298,1954.2304498158128,1950.4391003231092,3.932449815812788,-4.3900000000001,-0.45755018418731197,-4.248899676890915
2020-11-15 23:00:00+00:00,50.0,1888.288,1888.138,-0.15000000000009095,1888.288,1891.455212312915,1891.9706349706082,3.1672123129148986,0.15000000000009095,3.3172123129149895,3.8326349706082965
2020-11-22 23:00:00+00:00,50.0,1870.318,1869.943,-0.375,1870.318,1871.4623161833908,1866.4477181354143,1.1443161833908562,0.375,1.5193161833908562,-3.4952818645856496
2020-11-29 23:00:00+00:00,53.0,1786.648,1787.208,0.5600000000001728,1786.648,1782.3008107694857,1787.4206977745546,-4.347189230514232,-0.5600000000001728,-4.907189230514405,0.21269777455449912
2020-12-06 23:00:00+00:00,50.0,1838.208,1838.528,0.31999999999993634,1838.208,1842.317585848332,1835.3029504656704,4.109585848332017,-0.31999999999993634,3.789585848332081,-3.225049534329628
2020-12-13 23:00:00+00:00,50.0,1838.998,1840.698,1.7000000000000455,1838.998,1836.898954478501,1842.8335662363056,-2.099045521498965,-1.7000000000000455,-3.7990455214990106,2.1355662363055217
2020-12-20 23:00:00+00:00,50.0,1880.838,1883.818,2.980000000000018,1880.838,1879.244268182671,1882.111760600619,-1.593731817328944,-2.980000000000018,-4.573731817328962,-1.7062393993810474
2020-12-27 23:00:00+00:00,77.0,1879.125,1882.921,3.796000000000049,1879.125,1911.3304367925941,1878.6007395432866,32.20543679259413,-3.796000000000049,28.40943679259408,-4.320260456713413
2021-01-03 23:00:00+00:00,74.0,1897.765,1904.998,7.232999999999947,1897.765,1916.995940364041,1895.6902676765424,19.230940364040862,-7.232999999999947,11.997940364040915,-9.307732323457685
2021-01-10 23:00:00+00:00,50.0,1848.508,1849.163,0.6549999999999727,1848.508,1892.9966968664976,1837.586539101335,44.48869686649755,-0.6549999999999727,43.833696866497576,-11.576460898665118
2021-01-17 23:00:00+00:00,50.0,1827.478,1828.608,1.1299999999998818,1827.478,1837.8447399739814,1813.1377654886628,10.366739973981339,-1.1299999999998818,9.236739973981457,-15.47023451133714
2021-01-24 23:00:00+00:00,50.0,1855.198,1854.187,-1.0110000000001946,1855.198,1856.386253944968,1849.4746316794954,1.1882539449679825,1.0110000000001946,2.199253944968177,-4.712368320504538
2021-01-31 23:00:00+00:00,50.0,1847.048,1863.422,16.374000000000024,1847.048,1844.550488209436,1852.7505040154883,-2.4975117905639763,-16.374000000000024,-18.871511790564,-10.671495984511694
2021-02-07 23:00:00+00:00,50.0,1814.048,1816.958,2.910000000000082,1814.048,1822.5894734775543,1809.244873087705,8.541473477554291,-2.910000000000082,5.631473477554209,-7.713126912295138
2021-02-14 23:00:00+00:00,50.0,1823.648,1825.118,1.4700000000000273,1823.648,1840.056599744776,1823.293502414551,16.408599744775984,-1.4700000000000273,14.938599744775956,-1.824497585448853
2021-02-21 23:00:00+00:00,50.0,1783.398,1781.546,-1.8519999999998618,1783.398,1798.948435135925,1789.4004968908346,15.550435135925,1.8519999999998618,17.40243513592486,7.854496890834525
2021-02-28 23:00:00+00:00,50.0,1733.188,1732.746,-0.4420000000000073,1733.188,1744.814030778965,1731.2151283598398,11.626030778964832,0.4420000000000073,12.06803077896484,-1.530871640160285
2021-03-07 23:00:00+00:00,50.0,1699.398,1701.718,2.3200000000001637,1699.398,1707.5628176132157,1700.082616709065,8.164817613215746,-2.3200000000001637,5.844817613215582,-1.635383290935124
2021-03-14 22:00:00+00:00,49.0,1726.958,1727.188,0.2300000000000182,1726.958,1727.7069591433908,1726.474329095589,0.7489591433907208,-0.2300000000000182,0.5189591433907026,-0.713670904411174
2021-03-21 22:00:00+00:00,50.0,1744.858,1746.009,1.1510000000000673,1744.858,1740.5948122472603,1740.6427540168597,-4.263187752739668,-1.1510000000000673,-5.4141877527397355,-5.3662459831402884
2021-03-28 22:00:00+00:00,50.0,1731.808,1731.268,-0.5399999999999636,1731.808,1739.6223465244548,1731.60939841617,7.814346524454777,0.5399999999999636,8.35434652445474,0.34139841617002276
2021-04-04 22:00:00+00:00,74.0,1728.805,1727.929,-0.8759999999999764,1728.805,1745.8910905305695,1728.0898941201706,17.086090530569436,0.8759999999999764,17.962090530569412,0.16089412017049654
2021-04-11 22:00:00+00:00,50.0,1743.028,1743.378,0.34999999999990905,1743.028,1756.6111979080629,1740.3272481872673,13.583197908062857,-0.34999999999990905,13.233197908062948,-3.050751812732642
2021-04-18 22:00:00+00:00,50.0,1775.748,1776.998,1.25,1775.748,1772.66753479523,1776.2572165264376,-3.0804652047700074,-1.25,-4.330465204770007,-0.7407834735624874
2021-04-25 22:00:00+00:00,50.0,1776.818,1775.852,-0.9659999999998945,1776.818,1785.48193323594,1770.6915117305073,8.663933235940021,0.9659999999998945,9.629933235939916,-5.1604882694928165
2021-05-02 22:00:00+00:00,50.0,1768.428,1768.87,0.4419999999997799,1768.428,1776.0482250126254,1767.8206813428421,7.620225012625269,-0.4419999999997799,7.178225012625489,-1.0493186571577553
2021-05-09 22:00:00+00:00,50.0,1830.618,1833.43,2.8120000000001255,1830.618,1858.005601080545,1829.8223517431907,27.387601080544982,-2.8120000000001255,24.575601080544857,-3.607648256809398
2021-05-16 22:00:00+00:00,50.0,1842.688,1844.528,1.8399999999999181,1842.688,1930.7881249479694,1847.886385568318,88.10012494796933,-1.8399999999999181,86.26012494796942,3.358385568317999
2021-05-23 22:00:00+00:00,50.0,1880.898,1882.123,1.2250000000001364,1880.898,1876.1155717023237,1877.725131432465,-4.782428297676233,-1.2250000000001364,-6.00742829767637,-4.3978685675349425
2021-05-30 22:00:00+00:00,50.0,1902.648,1903.338,0.6900000000000546,1902.648,1915.6288064637088,1904.1318775986322,12.98080646370886,-0.6900000000000546,12.290806463708805,0.7938775986322071
2021-06-06 22:00:00+00:00,50.0,1890.708,1891.398,0.6899999999998272,1890.708,1887.481842434381,1892.453225397159,-3.2261575656191326,-0.6899999999998272,-3.91615756561896,1.05522539715912
2021-06-13 22:00:00+00:00,50.0,1877.048,1876.758,-0.2899999999999636,1877.048,1877.0744884340404,1874.339201021923,0.026488434040402353,0.2899999999999636,0.316488434040366,-2.4187989780771204
2021-06-20 22:00:00+00:00,50.0,1763.198,1763.938,0.7400000000000091,1763.198,1771.0470165866361,1754.66989944813,7.849016586636026,-0.7400000000000091,7.109016586636017,-9.26810055187002
2021-06-27 22:00:00+00:00,50.0,1780.938,1781.227,0.28899999999998727,1780.938,1783.0874589612483,1780.4391060223472,2.1494589612482287,-0.28899999999998727,1.8604589612482414,-0.7878939776528568
2021-07-04 22:00:00+00:00,50.0,1786.978,1786.527,-0.45100000000002183,1786.978,1792.775876271441,1785.4260647737278,5.797876271440828,0.45100000000002183,6.2488762714408495,-1.1009352262722132
2021-07-11 22:00:00+00:00,50.0,1807.838,1807.568,-0.2699999999999818,1807.838,1808.4260233062644,1808.1864012319259,0.5880233062644038,0.2699999999999818,0.8580233062643856,0.6184012319258727
2021-07-18 22:00:00+00:00,50.0,1811.548,1810.891,-0.6569999999999254,1811.548,1813.6682225186428,1810.765365056507,2.1202225186427768,0.6569999999999254,2.777222518642702,-0.1256349434929689
2021-07-25 22:00:00+00:00,50.0,1801.698,1801.992,0.29399999999986903,1801.698,1810.227190486116,1798.112727321282,8.529190486115795,-0.29399999999986903,8.235190486115926,-3.8792726787180527
2021-08-01 22:00:00+00:00,50.0,1813.398,1813.321,-0.07699999999999818,1813.398,1806.2275378029758,1815.179384798751,-7.170462197024108,0.07699999999999818,-7.09346219702411,1.8583847987511035
2021-08-08 22:00:00+00:00,50.0,1762.568,1762.888,0.31999999999993634,1762.568,1766.5564121954753,1763.3405340192187,3.988412195475348,-0.31999999999993634,3.668412195475412,0.4525340192187741
2021-08-15 22:00:00+00:00,50.0,1779.218,1778.127,-1.0910000000001219,1779.218,1778.1837687228901,1778.6025336977666,-1.0342312771099387,1.0910000000001219,0.0567687228901832,0.4755336977666502
2021-08-22 22:00:00+00:00,50.0,1780.458,1779.598,-0.8600000000001273,1780.458,1782.0209975957043,1782.4679608331853,1.5629975957042461,0.8600000000001273,2.4229975957043735,2.8699608331853597
2021-08-29 22:00:00+00:00,50.0,1816.158,1818.332,2.1740000000002055,1816.158,1815.4329783476585,1820.3941688016587,-0.725021652341411,-2.1740000000002055,-2.8990216523416166,2.062168801658572
2021-09-05 22:00:00+00:00,50.0,1827.288,1829.972,2.683999999999969,1827.288,1828.2870639693815,1829.927298424898,0.9990639693814956,-2.683999999999969,-1.6849360306184735,-0.044701575101953495
2021-09-12 22:00:00+00:00,50.0,1787.048,1788.354,1.30600000000004,1787.048,1789.841156775521,1788.0003463979003,2.7931567755210835,-1.30600000000004,1.4871567755210435,-0.35365360209971186
2021-09-19 22:00:00+00:00,50.0,1753.488,1753.962,0.4739999999999327,1753.488,1761.0881441200283,1752.6495860689881,7.60014412002829,-0.4739999999999327,7.126144120028357,-1.3124139310118608
2021-09-26 22:00:00+00:00,50.0,1749.878,1751.498,1.6200000000001182,1749.878,1748.0630383727412,1748.9702143260058,-1.8149616272587537,-1.6200000000001182,-3.434961627258872,-2.527785673994231
2021-10-03 22:00:00+00:00,50.0,1760.098,1762.078,1.9800000000000182,1760.098,1761.2701505369544,1764.3747637495785,1.1721505369544047,-1.9800000000000182,-0.8078494630456134,2.296763749578531
2021-10-10 22:00:00+00:00,50.0,1756.608,1757.145,0.5370000000000346,1756.608,1760.6002909090919,1752.1536767680068,3.9922909090919347,-0.5370000000000346,3.4552909090919,-4.991323231993192
2021-10-17 22:00:00+00:00,50.0,1766.658,1766.573,-0.084999999999809,1766.658,1764.5097001034462,1768.1629396314875,-2.148299896553681,0.084999999999809,-2.063299896553872,1.5899396314873684
2021-10-24 22:00:00+00:00,50.0,1791.628,1792.473,0.8450000000000273,1791.628,1792.3728846180572,1792.1546698832703,0.7448846180573128,-0.8450000000000273,-0.10011538194271452,-0.3183301167296122
2021-10-31 22:00:00+00:00,50.0,1782.988,1783.028,0.03999999999996362,1782.988,1783.451604696282,1783.6848684071829,0.46360469628189094,-0.03999999999996362,0.4236046962819273,0.6568684071828557
2021-11-07 23:00:00+00:00,51.0,1817.588,1818.383,0.7950000000000728,1817.588,1819.410105813029,1815.6280566446558,1.8221058130291112,-0.7950000000000728,1.0271058130290385,-2.754943355344267
2021-11-14 23:00:00+00:00,50.0,1864.448,1869.364,4.91599999999994,1864.448,1868.4403940042835,1863.4069280095007,3.992394004283369,-4.91599999999994,-0.9236059957165708,-5.957071990499344
2021-11-21 23:00:00+00:00,50.0,1845.175,1846.534,1.359000000000151,1845.175,1845.9124063343002,1845.7259344531012,0.7374063343002035,-1.359000000000151,-0.6215936656999475,-0.808065546898888
2021-11-28 23:00:00+00:00,53.0,1792.665,1790.195,-2.4700000000000273,1792.665,1793.023210610451,1792.267689200853,0.358210610451124,2.4700000000000273,2.8282106104511513,2.0726892008531195
2021-12-05 23:00:00+00:00,50.0,1782.788,1784.355,1.5670000000000073,1782.788,1785.0350983078663,1786.2808139429933,2.247098307866281,-1.5670000000000073,0.6800983078662739,1.9258139429932726
2021-12-12 23:00:00+00:00,50.0,1782.288,1783.055,0.7670000000000528,1782.288,1783.8217591114758,1780.1849976472752,1.5337591114757743,-0.7670000000000528,0.7667591114757215,-2.870002352724896
2021-12-19 23:00:00+00:00,50.0,1797.708,1799.445,1.7369999999998527,1797.708,1797.5283190404807,1798.327524831851,-0.17968095951937357,-1.7369999999998527,-1.9166809595192262,-1.1174751681489852
2021-12-26 23:00:00+00:00,74.0,1808.355,1808.544,0.18900000000007822,1808.355,1817.8868943734324,1808.5099479756805,9.531894373432351,-0.18900000000007822,9.342894373432273,-0.034052024319635166
2022-01-02 23:00:00+00:00,50.0,1829.058,1828.604,-0.4539999999999509,1829.058,1832.0499160305346,1830.504869187315,2.9919160305346395,0.4539999999999509,3.4459160305345904,1.9008691873150383
2022-01-09 23:00:00+00:00,50.0,1795.808,1793.955,-1.8530000000000655,1795.808,1792.1823562606955,1797.8033769498866,-3.6256437393044507,1.8530000000000655,-1.7726437393043852,3.8483769498866423
2022-01-16 23:00:00+00:00,50.0,1817.418,1817.044,-0.3739999999997963,1817.418,1817.5996872938108,1816.276598093347,0.18168729381090998,0.3739999999997963,0.5556872938107063,-0.7674019066530491
2022-01-23 23:00:00+00:00,50.0,1834.328,1834.524,0.1959999999999127,1834.328,1839.8721375037478,1830.3065034781039,5.544137503747834,-0.1959999999999127,5.348137503747921,-4.21749652189601
2022-01-30 23:00:00+00:00,50.0,1791.028,1791.928,0.900000000000091,1791.028,1793.0202447163513,1790.745326689542,1.9922447163512516,-0.900000000000091,1.0922447163511606,-1.1826733104580853
2022-02-06 23:00:00+00:00,50.0,1807.558,1806.719,-0.8389999999999418,1807.558,1805.9270611886286,1807.755371398707,-1.6309388113713794,0.8389999999999418,-0.7919388113714376,1.0363713987069332
2022-02-13 23:00:00+00:00,50.0,1857.898,1859.233,1.3350000000000364,1857.898,1873.6242792800358,1859.919853571597,15.726279280035897,-1.3350000000000364,14.39127928003586,0.686853571597112
2022-02-20 23:00:00+00:00,50.0,1897.768,1900.818,3.0499999999999545,1897.768,1909.2525604164866,1899.911963566687,11.484560416486602,-3.0499999999999545,8.434560416486647,-0.90603643331292
2022-02-27 23:00:00+00:00,50.0,1888.528,1919.206,30.677999999999884,1888.528,1902.4949265715802,1888.9929677176967,13.966926571580188,-30.677999999999884,-16.711073428419695,-30.213032282303175
2022-03-06 23:00:00+00:00,50.0,1969.848,1974.472,4.624000000000024,1969.848,1981.691831893628,1977.4001870852053,11.843831893628021,-4.624000000000024,7.2198318936279975,2.928187085205309
2022-03-13 22:00:00+00:00,49.0,1988.248,1984.742,-3.5060000000000855,1988.248,1997.8547897656247,1990.61006714357,9.606789765624626,3.5060000000000855,13.112789765624711,5.868067143569988
2022-03-20 22:00:00+00:00,50.0,1921.198,1921.358,0.15999999999985448,1921.198,1924.0012693225294,1922.639572649203,2.8032693225293315,-0.15999999999985448,2.643269322529477,1.281572649203099
2022-03-27 22:00:00+00:00,50.0,1957.688,1956.968,-0.7200000000000273,1957.688,1955.7673500601607,1954.4667016799701,-1.9206499398394499,0.7200000000000273,-1.2006499398394226,-2.501298320029946
2022-04-03 22:00:00+00:00,50.0,1924.778,1923.788,-0.9900000000000091,1924.778,1926.764249936063,1922.6415997790766,1.9862499360629045,0.9900000000000091,2.9762499360629135,-1.1464002209233968
2022-04-10 22:00:00+00:00,50.0,1947.138,1946.138,-1.0,1947.138,1945.108216557789,1946.185231979995,-2.029783442210828,1.0,-1.029783442210828,0.04723197999510376
2022-04-17 22:00:00+00:00,74.0,1973.218,1974.038,0.8199999999999363,1973.218,1977.8053542358352,1974.2034638883144,4.587354235835164,-0.8199999999999363,3.767354235835228,0.16546388831443437
2022-04-24 22:00:00+00:00,50.0,1930.708,1930.523,-0.1850000000001728,1930.708,1927.1082796089966,1932.6036091025974,-3.5997203910035296,0.1850000000001728,-3.414720391003357,2.080609102597464
2022-05-01 22:00:00+00:00,50.0,1895.748,1895.635,-0.11300000000005639,1895.748,1891.9586354305666,1898.2566970072069,-3.7893645694334737,0.11300000000005639,-3.6763645694334173,2.621697007206876
2022-05-08 22:00:00+00:00,50.0,1883.148,1883.068,-0.07999999999992724,1883.148,1887.339098403954,1881.9076975668222,4.191098403954129,0.07999999999992724,4.271098403954056,-1.160302433177776
2022-05-15 22:00:00+00:00,50.0,1810.678,1809.648,-1.0300000000002,1810.678,1806.9311562441037,1814.3691767004204,-3.746843755896407,1.0300000000002,-2.716843755896207,4.7211767004205285
2022-05-22 22:00:00+00:00,50.0,1845.738,1844.686,-1.0520000000001346,1845.738,1844.058340138593,1842.5574620719935,-1.6796598614071172,1.0520000000001346,-0.6276598614069826,-2.1285379280063808
2022-05-29 22:00:00+00:00,50.0,1852.838,1852.538,-0.2999999999999545,1852.838,1849.732508720546,1851.2236193466786,-3.1054912794538723,0.2999999999999545,-2.8054912794539177,-1.3143806533214502
2022-06-05 22:00:00+00:00,50.0,1850.338,1850.618,0.2799999999999727,1850.338,1858.5671916396323,1852.3122473486626,8.22919163963229,-0.2799999999999727,7.949191639632318,1.6942473486626568
2022-06-12 22:00:00+00:00,50.0,1871.038,1874.938,3.900000000000091,1871.038,1885.5245157636843,1871.2731291458126,14.486515763684338,-3.900000000000091,10.586515763684247,-3.664870854187484
2022-06-19 22:00:00+00:00,50.0,1838.778,1837.448,-1.3299999999999272,1838.778,1834.9311493668356,1838.7474962433503,-3.846850633164422,1.3299999999999272,-2.516850633164495,1.2994962433501769
2022-06-26 22:00:00+00:00,50.0,1825.858,1837.376,11.518000000000029,1825.858,1831.1455547525916,1821.7908359961734,5.287554752591632,-11.518000000000029,-6.230445247408397,-15.585164003826549
2022-07-03 22:00:00+00:00,50.0,1810.598,1812.078,1.4800000000000182,1810.598,1804.1433528025793,1810.244692889115,-6.454647197420627,-1.4800000000000182,-7.934647197420645,-1.8333071108850163
2022-07-10 22:00:00+00:00,50.0,1741.838,1742.848,1.009999999999991,1741.838,1732.612593562827,1740.9727433120752,-9.225406437172978,-1.009999999999991,-10.23540643717297,-1.8752566879247752
2022-07-17 22:00:00+00:00,50.0,1707.798,1707.238,-0.5599999999999454,1707.798,1698.970117211427,1700.898373322908,-8.827882788573106,0.5599999999999454,-8.26788278857316,-6.339626677092156
2022-07-24 22:00:00+00:00,50.0,1726.618,1728.148,1.5299999999999727,1726.618,1729.7245973888862,1728.5835386941012,3.1065973888862572,-1.5299999999999727,1.5765973888862845,0.43553869410129664
2022-07-31 22:00:00+00:00,50.0,1765.698,1764.809,-0.8890000000001237,1765.698,1766.5223280156893,1764.2267410422246,0.8243280156891615,0.8890000000001237,1.7133280156892852,-0.5822589577753661
2022-08-07 22:00:00+00:00,50.0,1774.718,1773.748,-0.9700000000000273,1774.718,1776.0947908695725,1773.560393568103,1.37679086957246,0.9700000000000273,2.3467908695724873,-0.18760643189693837
2022-08-14 22:00:00+00:00,50.0,1801.778,1802.308,0.5299999999999727,1801.778,1806.9831587754597,1801.4205483521928,5.205158775459722,-0.5299999999999727,4.6751587754597494,-0.887451647807211
2022-08-21 22:00:00+00:00,50.0,1746.498,1746.298,-0.20000000000004547,1746.498,1747.834944962192,1746.2841996641478,1.3369449621918648,0.20000000000004547,1.5369449621919102,-0.013800335852238277
2022-08-28 22:00:00+00:00,50.0,1737.338,1736.068,-1.2699999999999818,1737.338,1736.8545543498233,1736.6608333188376,-0.48344565017669083,1.2699999999999818,0.786554349823291,0.59283331883762
2022-09-04 22:00:00+00:00,50.0,1711.278,1712.598,1.3199999999999363,1711.278,1713.6089786475743,1711.7487577100164,2.330978647574284,-1.3199999999999363,1.0109786475743476,-0.8492422899835219
2022-09-11 22:00:00+00:00,50.0,1715.938,1717.058,1.1199999999998909,1715.938,1718.6065264772965,1713.979955689406,2.668526477296382,-1.1199999999998909,1.548526477296491,-3.0780443105938957
2022-09-18 22:00:00+00:00,50.0,1673.898,1675.958,2.060000000000173,1673.898,1670.887392086331,1672.9466808858883,-3.0106079136689914,-2.060000000000173,-5.070607913669164,-3.011319114111757
2022-09-25 22:00:00+00:00,50.0,1643.598,1643.458,-0.13999999999987267,1643.598,1643.5980000000009,1642.907009595088,9.094947017729282e-13,0.13999999999987267,0.14000000000078217,-0.5509904049119996
2022-10-02 22:00:00+00:00,50.0,1659.978,1662.198,2.2200000000000273,1659.978,1662.98884280532,1661.7584760188688,3.010842805319953,-2.2200000000000273,0.7908428053199259,-0.43952398113128766
2022-10-09 22:00:00+00:00,50.0,1694.458,1695.464,1.0059999999998581,1694.458,1694.6274458000003,1697.7648618943206,0.16944580000017595,-1.0059999999998581,-0.8365541999996822,2.300861894320633
2022-10-16 22:00:00+00:00,50.0,1643.618,1644.068,0.4500000000000455,1643.618,1646.961229979432,1643.172238316011,3.3432299794319533,-0.4500000000000455,2.893229979431908,-0.8957616839888942
2022-10-23 22:00:00+00:00,50.0,1657.298,1657.608,0.30999999999994543,1657.298,1662.8216084278042,1656.4514752507964,5.52360842780422,-0.30999999999994543,5.2136084278042745,-1.1565247492035269
2022-10-30 22:00:00+00:00,50.0,1644.498,1643.398,-1.1000000000001364,1644.498,1646.1781553324063,1645.1233852164855,1.6801553324062297,1.1000000000001364,2.780155332406366,1.7253852164856198
2022-11-06 23:00:00+00:00,51.0,1681.148,1674.327,-6.820999999999913,1681.148,1681.4839608313341,1679.6767483388428,0.33596083133420507,6.820999999999913,7.156960831334118,5.349748338842801
2022-11-13 23:00:00+00:00,50.0,1771.198,1765.917,-5.281000000000176,1771.198,1736.3394702478777,1775.031063693225,-34.85852975212242,5.281000000000176,-29.577529752122246,9.114063693225035
2022-11-20 23:00:00+00:00,50.0,1750.398,1749.817,-0.5809999999999036,1750.398,1755.7264304268087,1749.562102194379,5.328430426808836,0.5809999999999036,5.90943042680874,-0.25489780562111264
2022-11-27 23:00:00+00:00,53.0,1754.417,1755.787,1.3700000000001182,1754.417,1758.780969197234,1754.8618082423516,4.363969197234155,-1.3700000000001182,2.993969197234037,-0.925191757648463
2022-12-04 23:00:00+00:00,50.0,1797.248,1795.937,-1.3110000000001492,1797.248,1803.171917250762,1798.342724218292,5.9239172507618605,1.3110000000001492,7.23491725076201,2.4057242182921073
2022-12-11 23:00:00+00:00,50.0,1795.397,1795.687,0.2899999999999636,1795.397,1805.320854145792,1795.616850867077,9.92385414579212,-0.2899999999999636,9.633854145792156,-0.07014913292300662
2022-12-18 23:00:00+00:00,50.0,1792.598,1792.257,-0.3409999999998945,1792.598,1786.8144431702972,1793.0919909248564,-5.783556829702775,0.3409999999998945,-5.44255682970288,0.8349909248563563
2022-12-26 23:00:00+00:00,74.0,1798.198,1800.047,1.8489999999999327,1798.198,1792.8614577009685,1799.8044060444013,-5.336542299031635,-1.8489999999999327,-7.185542299031567,-0.24259395559874974
2023-01-02 23:00:00+00:00,74.0,1823.463,1826.837,3.3740000000000236,1823.463,1822.462197036223,1825.443599706694,-1.000802963777005,-3.3740000000000236,-4.374802963777029,-1.3934002933060583
2023-01-08 23:00:00+00:00,50.0,1865.598,1867.537,1.9390000000000782,1865.598,1874.856314693168,1862.0527978508521,9.258314693168131,-1.9390000000000782,7.319314693168053,-5.4842021491479045
2023-01-15 23:00:00+00:00,50.0,1919.398,1920.337,0.9390000000000782,1919.398,1915.7358598037024,1916.648122759375,-3.662140196297514,-0.9390000000000782,-4.601140196297592,-3.688877240625061
2023-01-22 23:00:00+00:00,50.0,1925.298,1926.128,0.8299999999999272,1925.298,1925.1055086982608,1923.0657335332182,-0.19249130173921003,-0.8299999999999272,-1.0224913017391373,-3.0622664667816935
2023-01-29 23:00:00+00:00,50.0,1927.598,1927.108,-0.4900000000000091,1927.598,1920.5903685921935,1926.3288093339108,-7.007631407806457,0.4900000000000091,-6.517631407806448,-0.7791906660891073
2023-02-05 23:00:00+00:00,50.0,1864.548,1864.508,-0.03999999999996362,1864.548,1852.489656751415,1866.7743895832846,-12.05834324858506,0.03999999999996362,-12.018343248585097,2.2663895832845355
2023-02-12 23:00:00+00:00,50.0,1864.698,1863.917,-0.7810000000001764,1864.698,1864.4222779518072,1860.1123057959176,-0.27572204819284707,0.7810000000001764,0.5052779518073294,-3.8046942040823524
2023-02-19 23:00:00+00:00,50.0,1841.898,1840.407,-1.4909999999999854,1841.898,1843.093711788935,1840.9765134994373,1.1957117889351139,1.4909999999999854,2.6867117889350993,0.5695134994373348
2023-02-26 23:00:00+00:00,50.0,1810.665,1810.758,0.09300000000007458,1810.665,1808.1118335237904,1809.564329057338,-2.553166476209526,-0.09300000000007458,-2.6461664762096007,-1.1936709426620382
2023-03-05 23:00:00+00:00,50.0,1855.798,1854.644,-1.1539999999999964,1855.798,1860.6548824642682,1852.4784788377067,4.85688246426821,1.1539999999999964,6.010882464268207,-2.1655211622933166
2023-03-12 22:00:00+00:00,49.0,1867.448,1872.398,4.949999999999818,1867.448,1931.6802675267336,1874.7224685747592,64.2322675267335,-4.949999999999818,59.282267526733676,2.324468574759294
2023-03-19 22:00:00+00:00,50.0,1987.798,1984.148,-3.650000000000091,1987.798,2006.5390263014378,1978.4802975245327,18.74102630143784,3.650000000000091,22.391026301437932,-5.667702475467195
2023-03-26 22:00:00+00:00,50.0,1977.988,1979.798,1.8099999999999454,1977.988,1987.9606869952122,1974.6479445463863,9.972686995212143,-1.8099999999999454,8.162686995212198,-5.1500554536137315
2023-04-02 22:00:00+00:00,50.0,1968.748,1972.298,3.5499999999999545,1968.748,1971.6429229890343,1967.5065732317096,2.894922989034285,-3.5499999999999545,-0.6550770109656696,-4.791426768290421
2023-04-09 22:00:00+00:00,74.0,2006.476,1993.341,-13.135000000000218,2006.476,2017.0187146001317,2003.9700250151448,10.542714600131603,13.135000000000218,23.67771460013182,10.629025015144862
2023-04-16 22:00:00+00:00,50.0,2003.498,1998.498,-5.0,2003.498,2002.8168106800001,2005.2303719460276,-0.6811893199999304,5.0,4.31881068000007,6.73237194602757
2023-04-23 22:00:00+00:00,50.0,1982.248,1980.748,-1.5,1982.248,1980.449704663882,1982.2082695473864,-1.7982953361181444,1.5,-0.2982953361181444,1.4602695473863605
2023-04-30 22:00:00+00:00,50.0,1989.548,1990.398,0.849999999999909,1989.548,2001.7634043495161,1984.1600736293321,12.21540434951612,-0.849999999999909,11.365404349516211,-6.237926370667765
2023-05-07 22:00:00+00:00,50.0,2016.298,2016.608,0.30999999999994543,2016.298,2018.7079948458681,2017.457043247601,2.409994845868141,-0.30999999999994543,2.0999948458681956,0.8490432476010028
2023-05-14 22:00:00+00:00,50.0,2009.798,2007.498,-2.2999999999999545,2009.798,2007.2043887418822,2008.4550087323662,-2.5936112581177895,2.2999999999999545,-0.29361125811783495,0.9570087323661483
2023-05-21 22:00:00+00:00,50.0,1977.448,1976.478,-0.9700000000000273,1977.448,1970.3162064918158,1976.69618602963,-7.131793508184273,0.9700000000000273,-6.161793508184246,0.21818602963003286
2023-05-28 22:00:00+00:00,50.0,1945.788,1942.078,-3.7100000000000364,1945.788,1946.7792317880796,1947.227970396144,0.9912317880796309,3.7100000000000364,4.701231788079667,5.149970396143999
2023-06-04 22:00:00+00:00,50.0,1947.738,1947.045,-0.6929999999999836,1947.738,1929.6485916221077,1946.315514385503,-18.08940837789237,0.6929999999999836,-17.396408377892385,-0.7294856144969799
2023-06-11 22:00:00+00:00,50.0,1960.798,1959.324,-1.4739999999999327,1960.798,1961.189885280303,1958.027258720968,0.3918852803030859,1.4739999999999327,1.8658852803030186,-1.296741279032176
2023-06-18 22:00:00+00:00,50.0,1957.358,1957.198,-0.15999999999985448,1957.358,1943.6357384422104,1957.836585319388,-13.72226155778958,0.15999999999985448,-13.562261557789725,0.6385853193878575
2023-06-25 22:00:00+00:00,50.0,1920.388,1924.948,4.560000000000173,1920.388,1913.96342881205,1920.742069475233,-6.424571187949823,-4.560000000000173,-10.984571187949996,-4.205930524767155
2023-07-02 22:00:00+00:00,50.0,1919.538,1918.898,-0.6400000000001,1919.538,1913.0541606339925,1919.8764613587596,-6.483839366007487,0.6400000000001,-5.843839366007387,0.9784613587596596
2023-07-09 22:00:00+00:00,50.0,1923.838,1923.998,0.16000000000008185,1923.838,1919.6129696276512,1925.4857171657366,-4.225030372348783,-0.16000000000008185,-4.385030372348865,1.4877171657365125
2023-07-16 22:00:00+00:00,50.0,1954.748,1954.048,-0.7000000000000455,1954.748,1951.707956454122,1956.3478813540687,-3.0400435458780066,0.7000000000000455,-2.340043545877961,2.2998813540687024
2023-07-23 22:00:00+00:00,50.0,1961.428,1961.498,0.06999999999993634,1961.428,1957.9831962267995,1960.8064918951725,-3.444803773200647,-0.06999999999993634,-3.5148037732005832,-0.6915081048275624
2023-07-30 22:00:00+00:00,50.0,1958.465,1958.608,0.1430000000000291,1958.465,1957.459627823408,1957.7245771590956,-1.0053721765918908,-0.1430000000000291,-1.14837217659192,-0.883422840904359
2023-08-06 22:00:00+00:00,50.0,1942.568,1942.098,-0.4700000000000273,1942.568,1946.7959001966217,1943.3679205628735,4.227900196621704,0.4700000000000273,4.697900196621731,1.2699205628734944
2023-08-13 22:00:00+00:00,50.0,1913.378,1912.255,-1.12299999999982,1913.378,1907.333369645063,1911.4613145015712,-6.044630354936999,1.12299999999982,-4.921630354937179,-0.7936854984288857
2023-08-20 22:00:00+00:00,50.0,1889.258,1889.335,0.07699999999999818,1889.258,1882.5922547506655,1886.9082886950353,-6.665745249334577,-0.07699999999999818,-6.742745249334575,-2.4267113049647833
2023-08-27 22:00:00+00:00,50.0,1914.778,1915.548,0.7699999999999818,1914.778,1913.9625059574853,1913.2121637439955,-0.8154940425147288,-0.7699999999999818,-1.5854940425147106,-2.3358362560045407
2023-09-03 22:00:00+00:00,50.0,1939.238,1939.948,0.7100000000000364,1939.238,1936.401484001712,1940.7100355674324,-2.8365159982879504,-0.7100000000000364,-3.546515998287987,0.7620355674323491
2023-09-10 22:00:00+00:00,50.0,1918.258,1919.865,1.606999999999971,1918.258,1911.3892084885297,1920.2932063287133,-6.868791511470363,-1.606999999999971,-8.475791511470334,0.4282063287132587
2023-09-17 22:00:00+00:00,50.0,1922.738,1923.408,0.6699999999998454,1922.738,1919.5246308250169,1918.9485498367071,-3.2133691749831996,-0.6699999999998454,-3.883369174983045,-4.459450163292786
2023-09-24 22:00:00+00:00,50.0,1924.818,1924.335,-0.48299999999994725,1924.818,1926.4012325188858,1923.9935251695033,1.5832325188857794,0.48299999999994725,2.0662325188857267,-0.3414748304967361
2023-10-01 22:00:00+00:00,50.0,1848.098,1847.268,-0.8299999999999272,1848.098,1853.240483330024,1850.4432217600292,5.142483330024106,0.8299999999999272,5.972483330024033,3.175221760029217
2023-10-08 22:00:00+00:00,50.0,1832.698,1847.405,14.70699999999988,1832.698,1857.5987880434784,1829.1595898774378,24.900788043478315,-14.70699999999988,10.193788043478435,-18.245410122562134
2023-10-15 22:00:00+00:00,50.0,1932.738,1927.998,-4.740000000000009,1932.738,1938.9841975993213,1933.5828021063594,6.246197599321249,4.740000000000009,10.986197599321258,5.584802106359348
2023-10-22 22:00:00+00:00,50.0,1980.648,1967.114,-13.533999999999878,1980.648,1983.457543583828,1980.2726740378296,2.8095435838281446,13.533999999999878,16.343543583828023,13.158674037829542
2023-10-29 22:00:00+00:00,50.0,2005.648,2004.135,-1.51299999999992,2005.648,1999.9944155583116,2004.4238211587501,-5.653584441688281,1.51299999999992,-4.140584441688361,0.2888211587501246
2023-11-05 23:00:00+00:00,51.0,1992.058,1991.698,-0.35999999999989996,1992.058,1988.6089013194319,1989.714794686609,-3.449098680568113,0.35999999999989996,-3.0890986805682132,-1.9832053133911813
2023-11-12 23:00:00+00:00,50.0,1938.148,1938.165,0.01700000000005275,1938.148,1934.5197566604363,1932.059391673306,-3.6282433395635962,-0.01700000000005275,-3.645243339563649,-6.105608326693982
2023-11-19 23:00:00+00:00,50.0,1980.398,1977.698,-2.699999999999818,1980.398,1974.9639844754713,1976.4845383484062,-5.434015524528604,2.699999999999818,-2.734015524528786,-1.2134616515938887
2023-11-26 23:00:00+00:00,54.0,2000.505,2000.995,0.4899999999997817,2000.505,2002.1243072517416,2000.088885808217,1.6193072517414748,-0.4899999999997817,1.129307251741693,-0.90611419178299
2023-12-03 23:00:00+00:00,50.0,2071.668,2072.525,0.8569999999999709,2071.668,2063.6099970885953,2069.2969568101776,-8.058002911404856,-0.8569999999999709,-8.915002911404827,-3.228043189822529
2023-12-10 23:00:00+00:00,50.0,2004.418,2002.794,-1.6239999999997963,2004.418,1991.1826519237138,2002.0142439648216,-13.235348076286073,1.6239999999997963,-11.611348076286276,-0.7797560351784796
2023-12-17 23:00:00+00:00,50.0,2019.485,2018.898,-0.5869999999999891,2019.485,2011.6266621380582,2015.5463566783073,-7.8583378619416635,0.5869999999999891,-7.271337861941674,-3.3516433216925634
2023-12-25 23:00:00+00:00,74.0,2052.908,2053.025,0.11700000000018917,2052.908,2047.0338258999102,2051.975099532984,-5.874174100089704,-0.11700000000018917,-5.991174100089893,-1.0499004670159593
2024-01-01 23:00:00+00:00,74.0,2062.688,2062.598,-0.09000000000014552,2062.688,2060.8505481914654,2058.0702694975585,-1.8374518085347518,0.09000000000014552,-1.7474518085346062,-4.5277305024415
2024-01-07 23:00:00+00:00,50.0,2045.355,2044.385,-0.9700000000000273,2045.355,2038.8753265131813,2041.523399280458,-6.479673486818683,0.9700000000000273,-5.509673486818656,-2.8616007195419115
2024-01-14 23:00:00+00:00,50.0,2048.675,2048.498,-0.1770000000001346,2048.675,2050.1682024075176,2050.161423897813,1.4932024075174013,0.1770000000001346,1.670202407517536,1.663423897813118
2024-01-21 23:00:00+00:00,50.0,2029.375,2029.715,0.33999999999991815,2029.375,2027.1616246173674,2031.1482350348415,-2.2133753826326483,-0.33999999999991815,-2.5533753826325665,1.433235034841573
2024-01-28 23:00:00+00:00,50.0,2017.915,2024.215,6.2999999999999545,2017.915,2023.101406014606,2017.8953476706956,5.186406014606064,-6.2999999999999545,-1.1135939853938908,-6.31965232930429
2024-02-04 23:00:00+00:00,50.0,2039.275,2040.054,0.7789999999999964,2039.275,2035.2428200692045,2031.3173850560092,-4.032179930795564,-0.7789999999999964,-4.811179930795561,-8.736614943990844
2024-02-11 23:00:00+00:00,50.0,2024.155,2023.495,-0.6600000000000819,2024.155,2020.3206691746498,2026.0575550982155,-3.8343308253502073,0.6600000000000819,-3.1743308253501255,2.5625550982156255
2024-02-18 23:00:00+00:00,50.0,2013.055,2014.595,1.5399999999999636,2013.055,2011.9433053632088,2014.962522593889,-1.1116946367912988,-1.5399999999999636,-2.6516946367912624,0.36752259388890707
2024-02-25 23:00:00+00:00,50.0,2035.215,2034.295,-0.9199999999998454,2035.215,2031.752097278061,2037.7724883794601,-3.4629027219389172,0.9199999999998454,-2.542902721939072,3.4774883794600555
2024-03-03 23:00:00+00:00,50.0,2082.395,2081.835,-0.5599999999999454,2082.395,2074.3256384749634,2086.009715714995,-8.069361525036584,0.5599999999999454,-7.509361525036638,4.174715714994818
2024-03-10 22:00:00+00:00,49.0,2178.965,2179.015,0.04999999999972715,2178.965,2180.551784369379,2167.75841547717,1.5867843693790746,-0.04999999999972715,1.5367843693793475,-11.256584522830053
2024-03-17 22:00:00+00:00,50.0,2155.625,2155.395,-0.2300000000000182,2155.625,2141.8848212596595,2156.548504297735,-13.740178740340525,0.2300000000000182,-13.510178740340507,1.1535042977347985
2024-03-24 22:00:00+00:00,50.0,2165.055,2165.475,0.42000000000007276,2165.055,2172.1851583464154,2162.0177276107606,7.130158346415556,-0.42000000000007276,6.710158346415483,-3.4572723892392787
2024-03-31 22:00:00+00:00,74.0,2232.698,2238.435,5.73700000000008,2232.698,2231.2287029568106,2234.0701655224952,-1.4692970431892718,-5.73700000000008,-7.206297043189352,-4.364834477504701
2024-04-07 22:00:00+00:00,50.0,2328.195,2323.125,-5.070000000000164,2328.195,2316.0560555624993,2327.806415483212,-12.138944437500868,5.070000000000164,-7.068944437500704,4.681415483211822
2024-04-14 22:00:00+00:00,50.0,2343.285,2352.098,8.813000000000102,2343.285,2452.2018069631104,2355.20097149834,108.9168069631105,-8.813000000000102,100.1038069631104,3.102971498340139
2024-04-21 22:00:00+00:00,50.0,2390.295,2387.635,-2.6599999999998545,2390.295,2370.139097867345,2383.387682553728,-20.15590213265523,2.6599999999998545,-17.495902132655374,-4.2473174462720635
2024-04-28 22:00:00+00:00,50.0,2337.245,2336.065,-1.1799999999998363,2337.245,2350.710333643045,2336.196324589223,13.465333643045142,1.1799999999998363,14.645333643044978,0.13132458922291335
2024-05-05 22:00:00+00:00,50.0,2301.175,2304.655,3.480000000000018,2301.175,2297.986415255683,2302.6217602214147,-3.188584744317268,-3.480000000000018,-6.668584744317286,-2.033239778585539
2024-05-12 22:00:00+00:00,50.0,2360.175,2362.895,2.7199999999998,2360.175,2356.0174122825238,2357.6738655292943,-4.157587717476417,-2.7199999999998,-6.877587717476217,-5.221134470705692
2024-05-19 22:00:00+00:00,50.0,2414.525,2417.098,2.5729999999998654,2414.525,2432.0320699772624,2422.388908978855,17.50706997726229,-2.5729999999998654,14.934069977262425,5.290908978854986
2024-05-26 22:00:00+00:00,50.0,2333.405,2336.365,2.9599999999995816,2333.405,2338.7430084634975,2330.6408657242787,5.338008463497317,-2.9599999999995816,2.3780084634977356,-5.724134275721099
2024-06-02 22:00:00+00:00,50.0,2326.995,2327.425,0.43000000000029104,2326.995,2339.447319509871,2328.330896590477,12.452319509870904,-0.43000000000029104,12.022319509870613,0.9058965904769138
2024-06-09 22:00:00+00:00,50.0,2293.415,2294.415,1.0,2293.415,2303.2500455736,2284.7820173887703,9.835045573599928,-1.0,8.835045573599928,-9.632982611229636
2024-06-16 22:00:00+00:00,50.0,2332.184,2331.098,-1.08600000000024,2332.184,2345.2522724137943,2333.264437153877,13.068272413794148,1.08600000000024,14.154272413794388,2.1664371538772684
2024-06-23 22:00:00+00:00,50.0,2321.755,2322.775,1.0199999999999818,2321.755,2318.518566239214,2322.2736887810042,-3.236433760785985,-1.0199999999999818,-4.256433760785967,-0.501311218995852
2024-06-30 22:00:00+00:00,50.0,2326.275,2326.315,0.03999999999996362,2326.275,2324.803940414026,2328.0362288057772,-1.471059585974217,-0.03999999999996362,-1.5110595859741807,1.721228805777173
2024-07-07 22:00:00+00:00,50.0,2390.705,2385.498,-5.20699999999988,2390.705,2396.854490937743,2393.3202541312485,6.149490937742939,5.20699999999988,11.35649093774282,7.822254131248428
2024-07-14 22:00:00+00:00,50.0,2410.534,2412.455,1.9209999999998217,2410.534,2420.6670106530055,2411.7713951326455,10.133010653005385,-1.9209999999998217,8.212010653005564,-0.683604867354461
2024-07-21 22:00:00+00:00,50.0,2400.485,2401.298,0.8129999999996471,2400.485,2407.7586364587373,2402.7154697275537,7.273636458737201,-0.8129999999996471,6.460636458737554,1.4174697275539074
2024-07-28 22:00:00+00:00,50.0,2386.765,2387.645,0.8800000000001091,2386.765,2390.954808514303,2384.964186968144,4.1898085143029675,-0.8800000000001091,3.3098085143028584,-2.680813031855905
2024-08-04 22:00:00+00:00,50.0,2443.055,2443.975,0.9200000000000728,2443.055,2450.0067825203246,2454.2302434301687,6.951782520324741,-0.9200000000000728,6.031782520324668,10.255243430168775
2024-08-11 22:00:00+00:00,50.0,2430.925,2430.298,-0.6270000000004075,2430.925,2440.2017951108023,2429.478239391932,9.27679511080214,0.6270000000004075,9.903795110802548,-0.8197606080675541
2024-08-18 22:00:00+00:00,50.0,2506.844,2508.298,1.4539999999997235,2506.844,2518.644772861607,2508.6391784492557,11.800772861607129,-1.4539999999997235,10.346772861607406,0.3411784492559491
2024-08-25 22:00:00+00:00,50.0,2512.235,2511.275,-0.9600000000000364,2512.235,2513.986606708363,2511.3345376448187,1.7516067083629423,0.9600000000000364,2.7116067083629787,0.059537644818647095
2024-09-01 22:00:00+00:00,50.0,2502.925,2502.435,-0.49000000000023647,2502.925,2499.4067337087718,2500.7926379815385,-3.5182662912284286,0.49000000000023647,-3.028266291228192,-1.6423620184614265
2024-09-08 22:00:00+00:00,50.0,2497.035,2497.098,0.06300000000010186,2497.035,2505.0479482551145,2487.255827770095,8.01294825511468,-0.06300000000010186,7.9499482551145775,-9.842172229904918
2024-09-15 22:00:00+00:00,50.0,2577.615,2578.725,1.1100000000001273,2577.615,2583.4198387750685,2582.548385932881,5.804838775068674,-1.1100000000001273,4.694838775068547,3.8233859328811377
2024-09-22 22:00:00+00:00,50.0,2621.504,2620.915,-0.5889999999999418,2621.504,2618.8602957965973,2621.0789020551288,-2.643704203402649,0.5889999999999418,-2.054704203402707,0.1639020551288013
2024-09-29 22:00:00+00:00,50.0,2657.955,2657.935,-0.01999999999998181,2657.955,2660.2219368563333,2655.924001307558,2.266936856333359,0.01999999999998181,2.286936856333341,-2.010998692442172
2024-10-06 22:00:00+00:00,50.0,2653.545,2650.375,-3.1700000000000728,2653.545,2666.100264105638,2652.2221194196163,12.555264105637889,3.1700000000000728,15.725264105637962,1.8471194196163196
2024-10-13 22:00:00+00:00,50.0,2656.835,2656.298,-0.5370000000002619,2656.835,2658.227290753541,2658.316795434734,1.3922907535411468,0.5370000000002619,1.9292907535414088,2.0187954347343293
2024-10-20 22:00:00+00:00,50.0,2721.105,2720.098,-1.0070000000000618,2721.105,2739.5799732800756,2720.382315889131,18.474973280075574,1.0070000000000618,19.481973280075636,0.28431588913099404
2024-10-27 22:00:00+00:00,50.0,2746.625,2735.698,-10.927000000000135,2746.625,2758.103671677314,2744.812150946834,11.478671677314196,10.927000000000135,22.40567167731433,9.114150946834343
2024-11-03 23:00:00+00:00,51.0,2735.895,2733.298,-2.5970000000002074,2735.895,2742.1513283992103,2730.601925413985,6.256328399210361,2.5970000000002074,8.853328399210568,-2.6960745860146744
2024-11-10 23:00:00+00:00,50.0,2684.035,2683.898,-0.13699999999971624,2684.035,2664.603413756236,2684.5593970868176,-19.43158624376383,0.13699999999971624,-19.294586243764115,0.6613970868174874
2024-11-17 23:00:00+00:00,50.0,2562.715,2564.258,1.5429999999996653,2562.715,2572.6944197819307,2560.26984481824,9.979419781930574,-1.5429999999996653,8.436419781930908,-3.9881551817597938
2024-11-24 23:00:00+00:00,50.0,2715.805,2713.375,-2.4299999999998363,2715.805,2727.010451321383,2714.4259734707343,11.205451321382952,2.4299999999998363,13.635451321382789,1.0509734707343341
2024-12-01 23:00:00+00:00,52.0,2649.945,2653.075,3.1299999999996544,2649.945,2662.7033265906994,2656.4545107604795,12.758326590699198,-3.1299999999996544,9.628326590699544,3.3795107604796613
2024-12-08 23:00:00+00:00,50.0,2632.664,2646.52,13.855999999999767,2632.664,2633.027044840244,2629.160264349421,0.3630448402436741,-13.855999999999767,-13.492955159756093,-17.35973565057884
2024-12-15 23:00:00+00:00,50.0,2647.385,2649.098,1.712999999999738,2647.385,2646.749360631464,2648.546402701434,-0.635639368536431,-1.712999999999738,-2.348639368536169,-0.5515972985658664
2024-12-22 23:00:00+00:00,50.0,2622.435,2623.698,1.26299999999992,2622.435,2617.655290752947,2624.3150275246658,-4.779709247052779,-1.26299999999992,-6.042709247052699,0.6170275246659003
2024-12-25 23:00:00+00:00,29.0,2616.348,2619.205,2.856999999999971,2616.348,2624.1931655302687,2615.5072078503526,7.845165530268787,-2.856999999999971,4.988165530268816,-3.6977921496472845
2024-12-29 23:00:00+00:00,50.0,2621.348,2620.154,-1.19399999999996,2621.348,2638.7740076851064,2622.0318091853,17.42600768510647,1.19399999999996,18.62000768510643,1.877809185300066
2025-01-01 23:00:00+00:00,26.0,2624.255,2625.098,0.8429999999998472,2624.255,2623.25794262918,2621.686471611285,-0.99705737082013,-0.8429999999998472,-1.8400573708199772,-3.4115283887149417
2025-01-05 23:00:00+00:00,50.0,2639.898,2639.298,-0.6000000000003638,2639.898,2637.4354788340584,2638.930094834457,-2.46252116594178,0.6000000000003638,-1.8625211659414163,-0.36790516554265196
2025-01-14 00:00:00+00:00,97.0,2669.795,2667.675,-2.119999999999891,2669.795,2668.7288943795547,2663.2311426231277,-1.0661056204453416,2.119999999999891,1.0538943795545492,-4.443857376872529
2025-01-19 23:00:00+00:00,50.0,2702.645,2701.105,-1.5399999999999636,2702.645,2670.254086172021,2706.570487782831,-32.39091382797915,1.5399999999999636,-30.850913827979184,5.465487782831133
2025-01-26 23:00:00+00:00,50.0,2769.805,2770.305,0.5,2769.805,2771.0794416548288,2773.706297215952,1.2744416548289337,-0.5,0.7744416548289337,3.401297215952127
2025-02-02 23:00:00+00:00,50.0,2798.085,2793.987,-4.097999999999956,2798.085,2903.0102759060824,2805.7347464139953,104.92527590608233,4.097999999999956,109.02327590608229,11.747746413995173
2025-02-09 23:00:00+00:00,50.0,2860.135,2858.065,-2.0700000000001637,2860.135,2890.737504634013,2859.5293677619966,30.602504634012803,2.0700000000001637,32.67250463401297,1.4643677619965274
2025-02-16 23:00:00+00:00,50.0,2882.085,2881.745,-0.3400000000001455,2882.085,2880.7093311153926,2886.1609809863944,-1.3756688846074212,0.3400000000001455,-1.0356688846072757,4.415980986394516
2025-02-23 23:00:00+00:00,50.0,2934.955,2934.815,-0.13999999999987267,2934.955,2950.782495132579,2931.6205676502086,15.82749513257886,0.13999999999987267,15.967495132578733,-3.194432349791441
2025-03-02 23:00:00+00:00,50.0,2856.998,2855.205,-1.79300000000012,2856.998,2859.7054649976567,2863.269779263162,2.7074649976566434,1.79300000000012,4.500464997656763,8.064779263162109
2025-03-10 04:00:00+00:00,55.0,2909.355,2910.615,1.2599999999997635,2909.355,2903.265832933655,2914.2709263828638,-6.089167066344999,-1.2599999999997635,-7.349167066344762,3.6559263828639814
2025-03-16 22:00:00+00:00,50.0,2983.795,2984.285,0.4899999999997817,2983.795,2991.471905412406,2984.5621042297275,7.676905412406086,-0.4899999999997817,7.186905412406304,0.27710422972768356
2025-03-23 22:00:00+00:00,50.0,3022.705,3020.155,-2.549999999999727,3022.705,3033.9843136882128,3020.3491572675057,11.279313688212824,2.549999999999727,13.829313688212551,0.19415726750548856
2025-03-30 22:00:00+00:00,50.0,3083.898,3086.498,2.599999999999909,3083.898,3103.548800353789,3082.84067937257,19.65080035378878,-2.599999999999909,17.050800353788873,-3.657320627430181
2025-04-06 22:00:00+00:00,50.0,3037.998,3006.765,-31.233000000000175,3037.998,3022.702777487721,3030.993554819377,-15.295222512278997,31.233000000000175,15.937777487721178,24.228554819377223
2025-04-13 22:00:00+00:00,50.0,3236.375,3229.155,-7.2199999999998,3236.375,3238.037149674999,3231.6215482929492,1.6621496749990001,7.2199999999998,8.8821496749988,2.466548292949028
2025-04-20 22:00:00+00:00,74.0,3326.925,3331.835,4.9099999999998545,3326.925,3334.8349048390096,3324.4490096844647,7.909904839009414,-4.9099999999998545,2.9999048390095595,-7.3859903155353095
2025-04-27 22:00:00+00:00,50.0,3318.625,3324.265,5.639999999999873,3318.625,3324.631561085969,3316.8914736945326,6.006561085969224,-5.639999999999873,0.36656108596935155,-7.373526305467294
2025-05-04 22:00:00+00:00,50.0,3239.415,3239.195,-0.2199999999997999,3239.415,3245.2189744461252,3245.0750232356218,5.803974446125267,0.2199999999997999,6.023974446125067,5.880023235621593
2025-05-11 22:00:00+00:00,50.0,3323.345,3271.805,-51.539999999999964,3323.345,3302.729755253467,3310.2674212776424,-20.61524474653288,51.539999999999964,30.924755253467083,38.462421277642534
2025-05-18 22:00:00+00:00,50.0,3202.465,3218.455,15.989999999999782,3202.465,3205.2572377882716,3202.595650232727,2.79223778827145,-15.989999999999782,-13.197762211728332,-15.85934976727276
2025-05-25 22:00:00+00:00,50.0,3356.575,3355.698,-0.8769999999999527,3356.575,3360.486811925818,3364.0482345759615,3.911811925818256,0.8769999999999527,4.788811925818209,8.350234575961622
2025-05-29 00:00:00+00:00,49.0,3345.945,3259.548,-86.39700000000039,3345.945,3263.311459092567,3262.301822387754,-82.63354090743314,86.39700000000039,3.7634590925672455,2.7538223877540986
2025-06-01 22:00:00+00:00,50.0,3288.865,3298.375,9.510000000000218,3288.865,3297.7076591623745,3300.3226310361947,8.84265916237473,-9.510000000000218,-0.6673408376254883,1.9476310361947071
2025-06-08 22:00:00+00:00,50.0,3309.625,3311.395,1.7699999999999818,3309.625,3310.7134171601015,3313.1228478919093,1.0884171601014714,-1.7699999999999818,-0.6815828398985104,1.7278478919092777
2025-06-15 22:00:00+00:00,50.0,3431.855,3451.065,19.210000000000036,3431.855,3466.5297886513977,3438.249199144426,34.67478865139765,-19.210000000000036,15.464788651397612,-12.815800855574253
2025-07-02 00:00:00+00:00,312.0,3379.255,3337.935,-41.320000000000164,3379.255,3329.7724814879207,3329.869435175172,-49.48251851207942,41.320000000000164,-8.16251851207926,-8.065564824828016
2025-07-06 22:00:00+00:00,54.0,3336.248,3334.015,-2.2330000000001746,3336.248,3338.156100048809,3335.670934052074,1.9081000488090467,2.2330000000001746,4.141100048809221,1.655934052073917
2025-07-13 22:00:00+00:00,50.0,3354.725,3362.948,8.222999999999956,3354.725,3350.370041922452,3352.8719683123154,-4.354958077547963,-8.222999999999956,-12.577958077547919,-10.076031687684463
2025-07-20 22:00:00+00:00,50.0,3349.655,3349.898,0.24299999999993815,3349.655,3345.587648705529,3350.255182229779,-4.067351294471337,-0.24299999999993815,-4.310351294471275,0.3571822297790277
2025-07-27 22:00:00+00:00,50.0,3335.575,3316.938,-18.636999999999716,3335.575,3338.7679087248875,3338.712789172765,3.1929087248877295,18.636999999999716,21.829908724887446,21.77478917276494
2025-08-03 22:00:00+00:00,50.0,3362.425,3364.698,2.2729999999996835,3362.425,3371.009078112017,3361.7491579118437,8.584078112016869,-2.2729999999996835,6.311078112017185,-2.948842088156198
2025-08-10 22:00:00+00:00,50.0,3398.579,3397.298,-1.2810000000004038,3398.579,3397.1977540515463,3396.506249507229,-1.3812459484538522,1.2810000000004038,-0.10024594845344836,-0.791750492770916
2025-08-17 22:00:00+00:00,50.0,3334.645,3336.015,1.3699999999998909,3334.645,3335.410987312534,3336.007146770051,0.76598731253398,-1.3699999999998909,-0.6040126874659109,-0.007853229948977969
2025-08-24 22:00:00+00:00,50.0,3371.235,3370.835,-0.40000000000009095,3371.235,3365.943710772729,3375.3928939735565,-5.291289227271136,0.40000000000009095,-4.891289227271045,4.5578939735564745
2025-08-31 22:00:00+00:00,50.0,3446.805,3445.648,-1.156999999999698,3446.805,3455.945746170876,3447.7197797561635,9.140746170876355,1.156999999999698,10.297746170876053,2.0717797561633233
2025-09-07 22:00:00+00:00,50.0,3585.195,3582.104,-3.0910000000003492,3585.195,3601.0799122010417,3587.084664681511,15.884912201041516,3.0910000000003492,18.975912201041865,4.980664681511371
2025-09-14 22:00:00+00:00,50.0,3642.635,3643.605,0.9699999999997999,3642.635,3656.596358799599,3643.6334229556883,13.961358799598656,-0.9699999999997999,12.991358799598856,0.02842295568825648
2025-09-21 22:00:00+00:00,50.0,3684.489,3686.698,2.2089999999998327,3684.489,3684.184659415931,3687.044405420618,-0.30434058406899567,-2.2089999999998327,-2.5133405840688283,0.3464054206183391
2025-09-28 22:00:00+00:00,50.0,3759.005,3756.045,-2.9600000000000364,3759.005,3757.310632109235,3762.361173820295,-1.6943678907650792,2.9600000000000364,1.2656321092349572,6.316173820294807
2025-10-05 22:00:00+00:00,50.0,3886.825,3887.955,1.1300000000001091,3886.825,3896.1581000320625,3887.4445925989526,9.333100032062703,-1.1300000000001091,8.203100032062594,-0.5104074010473596
2025-10-12 22:00:00+00:00,50.0,4017.845,4000.535,-17.309999999999945,4017.845,3998.254982569071,4006.5342480362897,-19.590017430928583,17.309999999999945,-2.2800174309286376,5.999248036289828
2025-10-19 22:00:00+00:00,50.0,4250.855,4247.775,-3.0799999999999272,4250.855,4219.957280790717,4237.61626616749,-30.897719209282513,3.0799999999999272,-27.817719209282586,-10.158733832509824
2025-10-26 22:00:00+00:00,50.0,4111.555,4064.051,-47.50400000000036,4111.555,4100.630327815724,4110.154285125496,-10.92467218427646,47.50400000000036,36.5793278157239,46.10328512549631
2025-11-02 23:00:00+00:00,51.0,4001.505,3983.498,-18.007000000000062,4001.505,4000.967019711971,4000.0898715542285,-0.5379802880293028,18.007000000000062,17.46901971197076,16.59187155422842
2025-11-09 23:00:00+00:00,50.0,4000.289,3997.898,-2.3910000000000764,4000.289,3998.898186780729,3996.9176348990272,-1.390813219271422,2.3910000000000764,1.0001867807286544,-0.9803651009729037
2025-11-16 23:00:00+00:00,50.0,4082.019,4084.898,2.87900000000036,4082.019,4126.4693449423485,4100.91670121924,44.45034494234869,-2.87900000000036,41.57134494234833,16.01870121924003
2025-11-23 23:00:00+00:00,50.0,4064.279,4070.098,5.81899999999996,4064.279,4049.72868631321,4058.117214166308,-14.550313686790105,-5.81899999999996,-20.369313686790065,-11.980785833692153
2025-11-30 23:00:00+00:00,52.0,4218.959,4222.298,3.338999999999942,4218.959,4237.9046036635655,4212.930841588307,18.945603663565635,-3.338999999999942,15.606603663565693,-9.367158411692799
2025-12-07 23:00:00+00:00,50.0,4197.405,4199.615,2.2100000000000364,4197.405,4202.698619881938,4195.1142146954635,5.293619881937957,-2.2100000000000364,3.0836198819379206,-4.5007853045362936
2025-12-14 23:00:00+00:00,50.0,4298.705,4299.298,0.5929999999998472,4298.705,4305.282269732464,4301.55539821015,6.577269732463719,-0.5929999999998472,5.984269732463872,2.2573982101503134
2025-12-21 23:00:00+00:00,50.0,4338.669,4338.898,0.2290000000002692,4338.669,4351.584808045181,4340.193846777039,12.915808045180711,-0.2290000000002692,12.686808045180442,1.295846777038605
2025-12-25 23:00:00+00:00,29.0,4479.029,4490.045,11.015999999999622,4479.029,4491.728230829854,4482.090774679815,12.69923082985315,-11.015999999999622,1.6832308298535281,-7.954225320185287
2025-12-28 23:00:00+00:00,50.0,4532.365,4538.698,6.333000000000538,4532.365,4526.436347546515,4531.109348904888,-5.928652453484574,-6.333000000000538,-12.261652453485112,-7.5886510951122546
