khung,thanh_phan,buoc,n,mae_mo_hinh_usd,mae_giu_delta_usd,mae_mot_buoc_usd,mape_mo_hinh_pct,rmse_mo_hinh_usd,gia_tri_tb_usd
H1,close,1,404.0,2.564980991202811,2.499504261624513,2.3275895251659793,0.11983994245201869,3.800754879526468,2242.6836584158414
H1,close,2,404.0,3.0298023214469407,3.2937716326797064,2.41904382499595,0.13864207416403718,4.247612808176939,2243.160621287129
H1,close,3,404.0,3.527591486592,3.534395294938488,2.5608597704816747,0.1642203589982811,5.079953095105365,2243.393745049505
H1,close,4,404.0,3.707205940844863,3.738170909645576,2.3334733492577913,0.17066602435427466,5.052878982176565,2243.586301980198
H1,close,5,404.0,3.5399789566298026,4.034824503114821,2.3635535523821494,0.16286007090302135,4.855072037577018,2244.102809405941
H1,close,6,404.0,3.881922333337171,4.323204099666374,2.4112995865474534,0.1768600536368588,5.242720774642442,2243.741393564356
H1,close,7,404.0,4.060436532764663,4.40151066483536,2.3507459368034835,0.1864719178718666,5.535326542418916,2243.8664084158418
H1,close,8,404.0,3.9554618756042563,4.298015222152204,2.2425841344881614,0.18106176041572214,5.430344267161919,2244.1891237623763
H1,close,9,404.0,4.006417159259369,4.479360850935209,2.296723388947642,0.18221299682188544,5.396417202647187,2244.2462153465344
H1,close,10,404.0,4.275021015057566,4.658942016363213,2.4599272488078623,0.19621865187403525,5.856478364861635,2244.5876212871285
H1,close,11,404.0,4.5458394237074815,4.936935623762988,2.549287795433368,0.20599210540159923,6.368227089510147,2244.631415841584
H1,close,12,404.0,4.667251126102258,4.908282802683118,2.497515678546282,0.2116457163603779,6.429608454197785,2244.488440594059
H1,close,13,404.0,4.690051938396706,5.005703404880906,2.4664473473247757,0.21376390499598655,6.732847738870378,2244.8511089108906
H1,close,14,404.0,4.588220977685449,4.999821692871209,2.532980429752991,0.20874418720510088,6.590225704981135,2244.7192945544552
H1,close,15,404.0,4.562647590094264,5.004324768791191,2.455468976822262,0.20644966862911168,6.6114000221628935,2244.923128712871
H1,close,16,404.0,4.604110950931654,5.114862677259481,2.427555928019211,0.21043231908517468,6.622280657645436,2245.1540445544556
H1,close,17,404.0,4.724184631532113,4.966302342683258,2.539754086305786,0.21576268399744547,6.793941024901827,2245.091561881188
H1,close,18,404.0,4.779159509831047,5.141388330681316,2.5252034159346213,0.21869157343085266,6.808898684017377,2245.315757425743
H1,close,19,404.0,4.793398824773189,5.261026947266992,2.4802815547007446,0.21761445525496237,7.044735097984269,2245.2870816831683
H1,close,20,404.0,4.885590462657002,5.458506945583133,2.586509539973129,0.2205460015193019,7.282134987122233,2245.531410891089
H1,close,21,404.0,5.022759858248295,5.600563740139966,2.643252469168649,0.22421897800452864,7.42348417415334,2245.6459430693067
H1,close,22,404.0,5.044765311437249,5.451087082564932,2.3121597525968927,0.2247465046002088,7.377679433055693,2245.7211163366337
H1,close,23,404.0,4.863893220658687,5.277753568483552,2.4827350046287417,0.21822384790777366,7.107098890887212,2245.6770173267323
H1,close,24,404.0,4.820156779466552,5.309955580215474,2.4193825068112127,0.2165010278037927,6.944178225387087,2245.3611460396037
H1,close,25,404.0,5.103738973913198,5.513897947776317,2.582363899692261,0.2304480226703176,7.293196880671629,2245.3961633663366
H1,close,26,404.0,5.032075582460296,5.677245972821748,2.429659325420102,0.22737764714868214,7.350128096485539,2245.684143564357
H1,close,27,404.0,5.007793866461951,5.523825425908856,2.4011413894575218,0.22507111693852974,7.250013006244648,2245.3952004950497
H1,close,28,404.0,5.107200007929377,5.682608318000875,2.6042528561207017,0.22893108296116485,7.381912139278474,2245.396735148515
H1,close,29,404.0,5.120587953903885,5.960732212298844,2.4390865346554125,0.23092305732247756,7.435245739087052,2245.7537301980196
H1,close,30,404.0,5.223762107945752,5.8417008675185,2.4502381854806785,0.23937146327913122,7.568566257425539,2245.9562574257425
H1,close,31,404.0,5.526589893113594,6.201608998543995,2.5839261939661458,0.25127671946259245,8.122976218442258,2246.2846658415847
H1,close,32,404.0,5.454946612118134,6.086551780571192,2.6746516428435894,0.24682611039129185,8.075309989024042,2246.507866336634
H1,close,33,404.0,5.3998945052869685,6.0008587066990255,2.2723494596562226,0.24276123094423707,7.846781636341241,2246.5140470297033
H1,close,34,404.0,5.666337947205058,6.3639029986373785,2.5967565383184894,0.256862892866504,8.084489351322958,2246.4868935643567
H1,close,35,404.0,5.501109557770763,6.231693967306976,2.3740969306730584,0.24844540890781325,8.230139959692098,2246.525301980198
H1,close,36,404.0,5.3651805306777325,6.224998694866532,2.5224103971234175,0.24222627521218368,7.839352811840878,2246.3163564356437
H1,close,37,404.0,5.551887337908848,6.317943646044607,2.6026256435504416,0.2521981656890801,8.002530977926012,2246.2333886138617
H1,close,38,404.0,5.581964818312991,6.111157767981202,2.6578240735512946,0.25188356895246733,8.567743654920273,2245.8605396039607
H1,close,39,404.0,5.781327527866043,6.44950400117157,2.5801070191030147,0.2646479136637812,8.226757480320632,2245.6564752475247
H1,close,40,404.0,5.690751351968123,6.317258240620613,2.4686412649206053,0.2581713319497213,8.093771722302954,2245.351561881188
H1,close,41,404.0,5.831160177276153,6.500064905015953,2.433501995239017,0.26534192739040396,8.340287802129197,2245.360613861386
H1,close,42,404.0,5.848781679059831,6.626039893294198,2.517183739094908,0.26560038248652335,8.367433662946821,2245.5056386138613
H1,close,43,404.0,6.172981266723616,6.873285709236805,2.603971473309388,0.28272752635571613,9.174243396845368,2245.367900990099
H1,close,44,404.0,6.20787969568352,6.7808393181432285,2.537060113893606,0.2850118327826599,8.762947747255698,2245.4514876237627
H1,close,45,404.0,6.349675154059073,6.991806038834174,2.5943341199874643,0.2902113783107302,9.468224456509553,2245.454225247525
H1,close,46,404.0,6.378940190369116,7.002759565469457,2.7730838302072347,0.29090772658236114,9.99749832555612,2245.1542128712867
H1,close,47,404.0,6.172540794589495,6.898156186332773,2.5393058728237117,0.2807084058728885,9.176398734542818,2245.42151980198
H1,close,48,404.0,6.580498791295429,7.1311963873140645,2.640339555350293,0.29842021042419425,9.812524867330687,2245.6847079207923
H1,close,49,404.0,6.408839219500489,7.068831129908694,2.45965867271652,0.2922824500214734,9.921837645693502,2245.45075990099
H1,close,50,404.0,6.523583038066162,7.227548960919317,2.6160923876349673,0.29802749154762376,9.833948194718163,2245.749175742574
H1,high,1,404.0,2.6805992487115877,2.499068049407137,2.096396633765293,0.12430098480072198,4.0535964185032,2245.5596955445544
H1,high,2,404.0,3.234534545335005,3.342533980447541,2.268271285378989,0.1497761059179785,4.774312997782425,2246.051435643564
H1,high,3,404.0,3.7044312396594594,3.7137902355470325,2.187851326598799,0.1689408371378717,5.504740455275502,2246.422037128713
H1,high,4,404.0,3.709849700784684,3.896286131300811,2.0814932105524147,0.17089170404427587,5.2841664023871,2246.3778787128713
H1,high,5,404.0,4.05091934364536,4.236983252487201,2.3546081332620807,0.1835364567017265,5.706783808894373,2246.9309455445546
H1,high,6,404.0,4.40471966200251,4.7103865380314,2.303293549293358,0.19937749201299435,6.239395880994344,2246.899004950495
H1,high,7,404.0,4.344461336567369,4.699348524161143,2.1502642308752855,0.19725192254556925,6.026677412007141,2246.8624554455446
H1,high,8,404.0,4.4628168647079525,4.713390551572076,2.17092598720986,0.20430757257952392,6.291758102885079,2246.9955099009903
H1,high,9,404.0,4.498091341142919,4.879091358725289,2.4050036363209526,0.20401002275699395,6.9125652528426595,2247.251443069307
H1,high,10,404.0,4.517163640031871,4.814952351011646,2.220563896738497,0.204522129325278,6.354224052646217,2247.2814975247525
H1,high,11,404.0,5.000745555243924,5.2614998618015,2.4531360059531253,0.22798729211662558,7.19953058501132,2247.5583514851483
H1,high,12,404.0,5.153948216560824,5.432586263218944,2.3825697524812375,0.23285652837447096,7.294640524100269,2247.6564356435642
H1,high,13,404.0,5.008296030337631,5.3285966200016235,2.1760074142442813,0.22719981421690907,7.148154138276004,2247.715150990099
H1,high,14,404.0,4.868002096734957,5.288972831026344,2.2471818796249594,0.2210893344611953,7.051614068818138,2247.8098886138614
H1,high,15,404.0,5.044013869529212,5.600069530003264,2.4211634293579234,0.22697956096074776,7.51032592991669,2247.7126361386136
H1,high,16,404.0,4.893268336559923,5.343092108892109,2.238110735865013,0.22168539353233596,7.303236434669592,2248.189594059406
H1,high,17,404.0,5.080184500959899,5.382012384853998,2.323717005736413,0.23204666494990298,7.594232333784424,2248.2548638613857
H1,high,18,404.0,5.175589084920789,5.425886317229787,2.2841777403511023,0.23449032910931258,7.8175631153716605,2248.2039999999997
H1,high,19,404.0,5.21528229298167,5.62663507396225,2.194585250347248,0.23551567528821826,7.763417510273591,2248.2964950495048
H1,high,20,404.0,5.263303732992148,5.6011815867430705,2.33753103536461,0.2356632081707446,7.798146136614459,2248.3938217821783
H1,high,21,404.0,6.552528846695249,6.90337266180515,3.3156379037091974,0.27088846709655034,20.582506270848594,2248.804292079208
H1,high,22,404.0,5.798116250092578,6.029305689922345,2.544083632269348,0.25276316867232057,10.543114831658881,2248.788123762376
H1,high,23,404.0,5.459773943547448,5.9554085954326315,2.2139463621129276,0.24230232392520767,7.8822422876431,2248.5576163366336
H1,high,24,404.0,5.2978149188320485,5.7115154261978835,2.3666442169073516,0.2361896135525471,8.042420746394574,2248.547685643565
H1,high,25,404.0,5.274745943629669,5.774173117444641,2.2297875252589265,0.23700288156573596,7.633709345681373,2248.334321782178
H1,high,26,404.0,5.422428591495425,5.959573933185824,2.4017750911129188,0.24347402877357172,8.22993346902751,2248.5953019801977
H1,high,27,404.0,5.34619017846451,5.631709338721899,2.1245913988360954,0.23937548346727083,7.82931521564748,2248.4588019801977
H1,high,28,404.0,5.38042597766712,5.913291318032912,2.348418424271764,0.24266906454346823,7.899287907231302,2248.2754653465345
H1,high,29,404.0,5.393560965603114,6.140505157933112,2.2577781570078326,0.24313835133342698,8.020774206989197,2248.5568886138612
H1,high,30,404.0,5.768337446863122,6.2655576809820355,2.370622996343133,0.2615010988254334,8.267423086662715,2248.7687475247526
H1,high,31,404.0,6.247668834960384,6.850417780792504,2.6958247262109096,0.2774678701230754,10.454566793627869,2249.1614777227724
H1,high,32,404.0,5.974004593421349,6.548761814460474,2.246793467560642,0.2663803281528534,8.897772494292202,2249.419831683168
H1,high,33,404.0,5.926902581135437,6.384942776186171,2.3140346218095527,0.26233677956632556,8.968374519885016,2249.516324257426
H1,high,34,404.0,5.876952868973061,6.188513532709467,2.1411207783156145,0.26084438116518527,8.52527177828364,2249.746462871287
H1,high,35,404.0,5.992582734008015,6.46185183936234,2.371041391324202,0.26958226049989276,8.630635503959866,2249.5548465346537
H1,high,36,404.0,5.769813604961561,6.3385905418143365,2.3526550023283623,0.260255955095763,8.640013382058573,2249.4732054455444
H1,high,37,404.0,6.1638118447085395,6.575636353651616,2.42563613386875,0.27996324527061234,9.035670827079402,2249.3285346534653
H1,high,38,404.0,6.277435221035594,6.4661050360608385,2.6102573958685418,0.28628124827775436,9.257561869390024,2249.2517252475245
H1,high,39,404.0,6.40008164341139,6.844373498825463,2.509930151254853,0.28989158977828156,10.06270619636922,2249.0949975247527
H1,high,40,404.0,6.366029865035887,6.895116393946836,2.50722607528354,0.29081183431119034,9.399151640022554,2248.3902326732673
H1,high,41,404.0,6.219999211411248,6.676263015084818,2.325018800837795,0.28095710341360297,8.906217609144601,2248.4610693069308
H1,high,42,404.0,6.498484256633336,7.079225583609647,2.4487993572842948,0.29531768236186606,9.410084671660343,2248.5608316831685
H1,high,43,404.0,6.750335154385809,7.229831001074174,2.6117551979070295,0.30539847284589033,10.18057661677674,2248.6139232673263
H1,high,44,404.0,6.992942975906605,7.470993061376256,2.574629051802714,0.3196481021854527,10.70098291298596,2248.376891089109
H1,high,45,404.0,7.065462604737807,7.445190677115277,2.413846077463571,0.3234430076795077,10.501592748084294,2248.389972772277
H1,high,46,404.0,7.071000546514516,7.54630507559824,2.4088355879465566,0.3197751276993179,11.248596675473383,2248.4098316831682
H1,high,47,404.0,6.6954595526383915,7.279975081500171,2.275569112041839,0.3031412425792802,10.117162275811122,2248.2658910891087
H1,high,48,404.0,7.280931593288368,7.621554239959437,2.730124554067054,0.32424280970326846,11.713671444433347,2248.4693985148515
H1,high,49,404.0,7.111983368118478,7.6393911297155475,2.2929572461502157,0.32188266437377294,10.78100904479654,2248.4134727722776
H1,high,50,404.0,7.041627462117023,7.444429784819152,2.2979479076555087,0.3192161414389451,10.45748618946043,2248.5586336633664
H1,low,1,404.0,2.6642672506094756,2.376698630917664,1.9865092074160353,0.12576220192484505,3.889383807083393,2239.2458044554455
H1,low,2,404.0,3.155935167671003,3.3333824764939877,2.0553270712336777,0.14674526956871997,4.603989518172106,2239.8965371287127
H1,low,3,404.0,3.8767932629282877,3.8291825209877985,2.4368959223434805,0.18162749234819228,5.732096675768401,2240.0795891089106
H1,low,4,404.0,4.21521210462768,4.412940012141824,2.4097399426446198,0.1967335862287267,6.132546099442327,2240.307425742574
H1,low,5,404.0,4.162593117581714,4.3717114253207106,2.1142959461251176,0.19398683999278357,5.8598200963302425,2240.6467574257426
H1,low,6,404.0,4.293061134245464,4.621668023993416,2.2358846929053438,0.19757543069014566,6.068977823820323,2240.7274232673267
H1,low,7,404.0,4.654136305509419,4.81697622239601,2.3748472241587066,0.21495370387136192,6.392996528435657,2240.629146039604
H1,low,8,404.0,4.756022737384864,4.750194940109719,2.3000072704771704,0.22027879619989105,6.545597665894633,2240.864304455445
H1,low,9,404.0,4.538234929711675,4.49935143763214,2.2063811745361877,0.2099114897249167,6.142048849509645,2240.8649702970297
H1,low,10,404.0,4.737289929912274,4.809252222194026,2.409018425589826,0.21872918931602822,6.561492829977691,2241.497126237624
H1,low,11,404.0,4.949726143806581,5.017337830685932,2.4105665891946644,0.22517745338241937,6.9614210078568375,2241.6266633663367
H1,low,12,404.0,5.094455877561937,5.160645129302901,2.3204886134464187,0.23180639577155773,6.968265689570098,2241.32472029703
H1,low,13,404.0,5.020214125880871,5.09180657266442,2.225677584449662,0.22930523029376315,6.919205888562418,2241.63673019802
H1,low,14,404.0,4.876231454782692,5.090901684674387,2.2990640232995028,0.22232901073010858,6.765780783412397,2241.689863861386
H1,low,15,404.0,5.071691016594656,5.192490496121114,2.3938311420047893,0.23037296638796625,7.154108310017014,2241.5143168316836
H1,low,16,404.0,5.199341905264594,5.435250780543541,2.3758279638071573,0.23754736073032093,7.457260453698884,2241.7807623762374
H1,low,17,404.0,5.1419126357015585,5.420491108958586,2.4034776199680965,0.23330934054649993,7.706291622584535,2241.871207920792
H1,low,18,404.0,5.072911832993492,5.30601500988893,2.1532842788162467,0.23262518291835343,7.34649414796214,2242.034103960396
H1,low,19,404.0,5.131847780192598,5.333849244253083,2.268649163071445,0.2346984794780977,7.184468230177547,2242.212440594059
H1,low,20,404.0,5.060836462885667,5.495904992151467,2.373868020238929,0.2306845431810227,7.552701045998106,2242.2449430693073
H1,low,21,404.0,5.153740910678189,5.603547941740472,2.3251243726191193,0.23309066192363495,7.5630365817515735,2242.4679133663367
H1,low,22,404.0,5.4522529395862085,5.48744125546149,2.210473412251595,0.24649958329446098,7.683114670515446,2242.5903193069307
H1,low,23,404.0,5.463859079833603,5.494719167705411,2.599729819381446,0.24726649667950107,8.029818408567786,2242.8107202970295
H1,low,24,404.0,5.399941520694539,5.638521843818549,2.5801595480594175,0.24108292551876567,7.970438989305246,2242.202698019802
H1,low,25,404.0,5.228970062422437,5.570950683854765,2.2584233872444988,0.235335002634747,7.586079058656626,2242.24546039604
H1,low,26,404.0,5.256805889364492,5.620045465143536,2.1263177297445224,0.2385751101747954,7.63772519120162,2242.4232698019805
H1,low,27,404.0,5.366320703416719,5.668074061682661,2.2503084155783655,0.24493118180360274,7.585322979620097,2242.355215346535
H1,low,28,404.0,5.414771774414998,5.726286035086592,2.2865877586051577,0.24336167271338283,7.758968633696009,2242.297678217822
H1,low,29,404.0,5.3965825995540415,5.927613214094856,2.0881353887543117,0.24344942349420876,7.5335976849942305,2242.5173811881186
H1,low,30,404.0,5.487626127568044,6.022710465158912,2.329567227104241,0.25141791412008524,7.786631701415526,2242.7005643564357
H1,low,31,404.0,5.702883841134519,6.283127355045157,2.340692830604107,0.26059920288590444,8.280670744367537,2242.903108910891
H1,low,32,404.0,5.754750641729746,6.285172645436378,2.2913266584648135,0.2617298283748239,8.49072116810146,2243.040047029703
H1,low,33,404.0,5.696260904317569,6.140248434806639,2.290110858878056,0.2580283317798401,8.002790548976352,2243.318059405941
H1,low,34,404.0,5.826822025064818,6.182531452977584,2.403833771628305,0.2640509858642022,8.267746116427244,2243.169254950495
H1,low,35,404.0,5.835052630992167,6.249264392681226,2.3362213238493448,0.26351279172862346,8.578069137966075,2243.362396039604
H1,low,36,404.0,5.538422010192481,6.02024843873815,2.2384329917579846,0.2505068684597407,8.026944456237235,2243.046715346535
H1,low,37,404.0,5.790639420314568,6.248198194461865,2.456668213674519,0.2623254061932314,8.102128784174123,2243.0208044554456
H1,low,38,404.0,5.975404485629591,6.263311873530432,2.4907048425459526,0.2718348301088196,8.672991914575347,2242.716349009901
H1,low,39,404.0,5.961352736207102,6.3334337279104895,2.2076948968083867,0.27234822636343536,8.585857150480404,2242.4969554455447
H1,low,40,404.0,5.96568488043562,6.364773553193581,2.4014512898254026,0.27083187343039467,8.35395642479788,2242.036396039604
H1,low,41,404.0,5.985939238060659,6.333612846692361,2.2738557717778836,0.2723525536501969,8.4033508825187,2241.9475272277227
H1,low,42,404.0,6.031528028934567,6.64276087479337,2.4029333348770576,0.27508282604227124,8.563052671070121,2242.283277227723
H1,low,43,404.0,6.4336740417241725,6.767820564361211,2.4956491938042507,0.296113717535385,9.334400155987232,2242.1162178217824
H1,low,44,404.0,6.532953880620786,6.8681095020325165,2.237549091523866,0.3019432417030475,9.103898600975278,2242.2098094059406
H1,low,45,404.0,6.537240526950884,6.868204056520052,2.322610235741492,0.3005948675816252,9.118701795855033,2242.378175742574
H1,low,46,404.0,6.597994232961442,6.9708346349389245,2.582908944130675,0.300589588384841,9.767657677354931,2242.027301980198
H1,low,47,404.0,6.875071012716145,7.198931508334568,2.4482076890885516,0.314471461431965,10.028884795585142,2242.078824257426
H1,low,48,404.0,6.663888507299607,7.112264147504271,2.288925511732263,0.30275876734656537,9.760265939078085,2242.3092549504954
H1,low,49,404.0,6.7711586601060825,7.22952312447135,2.1917657651360396,0.309938287159373,10.187224135887487,2242.43153960396
H1,low,50,404.0,6.827108668550834,7.277087991216642,2.3433510543119804,0.31275603458841195,10.757449490499123,2242.544717821782
H1,open,1,404.0,2.6853926538703825,2.6750099244685854,0.21605580979888603,0.12809448109841337,3.874310247804272,2242.304797029703
H1,open,2,404.0,2.898420190965246,3.096180836333466,0.21307906622013206,0.13503886502258491,4.23947036282148,2242.6497920792076
H1,open,3,404.0,3.4171531331259852,3.5162206164308842,0.18690369938810808,0.15708604574046453,4.794512970908468,2243.1511212871287
H1,open,4,404.0,3.880348798139591,3.8979017284391895,0.18927924534417603,0.18116404693062127,5.577386318659742,2243.394396039604
H1,open,5,404.0,4.169486904549899,4.180142897105247,0.25328263745644386,0.19249766230372986,5.72253129371824,2243.520037128713
H1,open,6,404.0,4.107609834680758,4.122312127850698,0.1967654551107599,0.189286308727905,5.741772875459322,2243.9980074257423
H1,open,7,404.0,4.417335377105004,4.474205958600564,0.2780659124971965,0.19943503410327665,6.393647732260927,2243.6145569306927
H1,open,8,404.0,4.492579422252086,4.556457598441821,0.21773080591578034,0.20621852292378862,6.289731573514973,2243.889495049505
H1,open,9,404.0,4.4126861358019145,4.606917092011505,0.17090820833205425,0.2024216399593885,6.169061000335088,2244.1777029702976
H1,open,10,404.0,4.499841014470936,4.617380722279465,0.19917370143862498,0.20398822218180182,6.144707610389537,2244.2937970297035
H1,open,11,404.0,4.6787199018478915,4.819370423459023,0.21633620148852323,0.2139722849618397,6.4658486770914765,2244.604202970297
H1,open,12,404.0,5.008944552786473,5.17772589556444,0.1660383966632146,0.22773858946769548,6.922163057784891,2244.644534653465
H1,open,13,404.0,5.0481589437192715,5.146267967504296,0.21902692422837627,0.22829276680181046,7.002484193497975,2244.531821782178
H1,open,14,404.0,4.978218026538445,5.103645218622286,0.21361732171776804,0.2272788373409373,7.060230672349797,2244.8283242574257
H1,open,15,404.0,5.049733238350877,5.180964659707638,0.28945159278532234,0.22870835524880745,7.306739043295185,2244.594287128713
H1,open,16,404.0,4.998881451634266,5.181856688390886,0.2129783159579975,0.22656961883649654,7.272636955590236,2244.9487797029706
H1,open,17,404.0,5.0648083807866655,5.088314946479132,0.18553727006795412,0.23119247623903746,7.335444915093991,2245.1461212871286
H1,open,18,404.0,5.039736401124294,5.025452856461187,0.19217831626729218,0.22962352266834535,7.3269466511243175,2245.096066831684
H1,open,19,404.0,5.2240276990417165,5.25805923154565,0.21584705714696098,0.23877750435803793,7.5439592216985405,2245.2929975247525
H1,open,20,404.0,5.236330999978556,5.258034022146158,0.26862344430722795,0.23729871878145078,7.615756214052758,2245.199735148515
H1,open,21,404.0,5.360992743822797,5.493597377656089,0.2476355899228348,0.24048033668455068,7.843622007574801,2245.508774752475
H1,open,22,404.0,5.488581250973775,5.506227994796536,0.1991830731500577,0.2462142253218261,8.018011029955598,2245.6647277227726
H1,open,23,404.0,5.440538089011985,5.688403189228324,0.21469354965537749,0.24201069312929355,7.919906623138714,2245.7390767326733
H1,open,24,404.0,5.217564540356896,5.204344609030416,0.22550925989257692,0.23451884424271469,7.602587825879108,2245.696371287129
H1,open,25,404.0,5.180768964087137,5.263867454489654,0.22937327611636968,0.23374933227381592,7.3948917765864115,2245.375143564356
H1,open,26,404.0,5.452697340086485,5.438171066601667,0.20420250585870617,0.24769789173731865,7.930275900940111,2245.4009034653463
H1,open,27,404.0,5.52643524370068,5.585409061605915,0.19319125214959998,0.250117780492132,8.08194188384381,2245.679745049505
H1,open,28,404.0,5.4928490771003,5.456877323662929,0.24966260281770464,0.24888983019097197,7.915136678462879,2245.432277227723
H1,open,29,404.0,5.410505100100591,5.504510907525501,0.28941549095858227,0.24325008523773833,7.885250439003513,2245.45670049505
H1,open,30,404.0,5.5541051325566535,5.696563062936381,0.21571141928406726,0.2510974841947683,8.005003896001313,2245.767844059406
H1,open,31,404.0,5.6679989078855195,5.816410067907694,0.21885257106719627,0.25950168183087857,8.133754009347262,2245.978353960396
H1,open,32,404.0,6.055236934932392,6.481785348262053,0.24926009552206377,0.2748531443021889,8.778282865892459,2246.2789084158417
H1,open,33,404.0,5.8948128166285585,5.90840027343697,0.19986553447995561,0.2660324182671337,8.460994919405884,2246.518
H1,open,34,404.0,5.899650146474567,5.888027239762562,0.2567758422545289,0.26505663416147557,8.541420996619456,2246.4425173267327
H1,open,35,404.0,5.998870259310842,6.083747741980886,0.20878286303335775,0.27121163611085225,8.585429223160224,2246.4928044554454
H1,open,36,404.0,5.906007634711633,6.042025444342323,0.2228356039350213,0.2672447437827798,8.664074252046927,2246.5101163366335
H1,open,37,404.0,5.894107003379797,5.963793208792818,0.21514074231420002,0.2657723406287762,8.40630194961237,2246.296987623762
H1,open,38,404.0,5.9841608578786,5.99683098008674,0.22295919062031994,0.2717319228137905,8.471467028044078,2246.223915841584
H1,open,39,404.0,6.038535193863774,6.10146669903723,0.25781810716351133,0.273012957487991,9.062287888613314,2245.8995965346535
H1,open,40,404.0,6.248371273247999,6.267427445504858,0.21392742146345467,0.2852283317246574,8.974475385348429,2245.4609108910895
H1,open,41,404.0,6.121405131485146,6.10148323756939,0.24968269835984291,0.27794197969743173,8.746596739992105,2245.337782178218
H1,open,42,404.0,6.271700473048008,6.556987564792147,0.2102596926038486,0.2848628159961029,8.964115604243526,2245.376836633663
H1,open,43,404.0,6.388325073924244,6.296429216203658,0.2358759140338722,0.29150093480594735,9.118205825641851,2245.4700816831682
H1,open,44,404.0,6.751743300824741,6.675793086745448,0.22064065672012217,0.3098569322182307,9.779833157945951,2245.332930693069
H1,open,45,404.0,6.729319386053075,6.711671638827173,0.24693197826995925,0.30804329366148686,9.51107568579422,2245.485626237624
H1,open,46,404.0,6.7939647148181335,6.802639747973073,0.22368721743840683,0.3117443221383696,10.133879733289413,2245.417358910891
H1,open,47,404.0,6.81868266225643,6.828778519188003,0.2143907969206573,0.310853008402118,10.49016425390602,2245.17996039604
H1,open,48,404.0,6.744505980842349,6.6657915536454215,0.208953480572917,0.306667207326175,9.921924317982471,2245.423284653466
H1,open,49,404.0,7.029692644216523,7.020239631817533,0.18329455787899168,0.31882484768497227,10.376226004390745,2245.69228960396
H1,open,50,404.0,6.985174565421545,6.835158107969581,0.2022791725547581,0.31971592136669535,10.602922509178084,2245.4546212871287
