thoi_diem,xau_dong,xau_mo_that,r_xau_nghi,r_paxg_nghi,uoc_beta0_khong_doi,uoc_beta090_pp_cu_xap_xi,uoc_beta1_giu_delta,uoc_beta015_toi_uu,uoc_pp_cu_nguyen_van,so_moc_247,bien_dong_uoc_247
2020-08-30 22:00:00+00:00,1964.428,1965.378,0.0004834844358757932,0.0038276017796752,1964.428,1971.2068125620797,1971.9614564470673,1965.5561810524214,1945.053385634142,197,0.02366208208172591
2020-09-06 22:00:00+00:00,1933.298,1929.788,-0.0018172005313362005,-0.0031382555154536693,1933.298,1927.845239294903,1927.2403271227997,1932.3881367038375,1905.9677023323961,197,0.029217482531166364
2020-09-07 22:00:00+00:00,1927.998,1929.298,0.0006740473374198641,0.0006298757494412914,1927.998,1929.0912691180438,1929.2127817257833,1928.1801684834033,1946.9673982691017,21,0.00964364139162325
2020-09-13 22:00:00+00:00,1938.928,1940.548,0.0008351643851706857,-0.006193412090645725,1938.928,1928.1503435096984,1926.9565302717185,1937.1275494317022,1892.5966712590184,197,0.02411042003319318
2020-09-20 22:00:00+00:00,1949.718,1949.588,-6.667853205076491e-05,-0.002005598996356224,1949.718,1946.2018571247813,1945.8115662153068,1949.1315353507948,1944.6288513140366,197,0.024845845077298964
2020-09-27 22:00:00+00:00,1860.998,1859.448,-0.0008332334831241085,0.002806940727422674,1860.998,1865.7052833478124,1866.229049267888,1861.7817216399144,1885.3734261586412,197,0.02455347672881773
2020-10-04 22:00:00+00:00,1898.868,1903.828,0.0026086770085298043,-0.0026295541525494224,1898.868,1894.3794547765895,1893.8813829286232,1898.1191712559569,1953.4440505070177,197,0.023047623051490156
2020-10-11 22:00:00+00:00,1929.618,1928.788,-0.0004302294848195997,0.0015785926734100902,1929.618,1932.3614211271108,1932.6664863633418,1930.0749662257222,1968.220877365561,197,0.024151810796857742
2020-10-18 22:00:00+00:00,1898.968,1899.668,0.00036855334805614026,0.0028797891985917028,1898.968,1903.8961484355414,1904.4445093462934,1899.7884713263074,1854.774721873014,197,0.023940569166517784
2020-10-25 22:00:00+00:00,1901.258,1903.298,0.0010723985639883378,-0.0015147674606552138,1901.258,1898.667798622475,1898.3802163840408,1900.8260545112246,1901.6368452917895,197,0.022957495856357438
2020-11-01 23:00:00+00:00,1878.438,1876.928,-0.0008041826449819485,0.0011544403991096983,1878.438,1880.3907044937464,1880.6077969240564,1878.7633098726649,1905.775711213504,201,0.025715709468616794
2020-11-08 23:00:00+00:00,1950.298,1954.688,0.0022484084959137987,0.0020143027236125604,1950.298,1953.836848287011,1954.2304498158117,1950.8873626181094,1950.8416911950055,197,0.022759182477331164
2020-11-15 23:00:00+00:00,1888.288,1888.138,-7.944019031691716e-05,0.0016758879512678354,1888.288,1891.1382521730727,1891.4552123129147,1888.7627435349311,1862.8381707641304,197,0.018497462361025886
2020-11-22 23:00:00+00:00,1870.318,1869.943,-0.00020052076646869042,0.0006116426526247359,1870.318,1871.347853066416,1871.46231618339,1870.4896028112655,1864.7291247497103,197,0.02003680814795227
2020-11-26 23:00:00+00:00,1810.184,1809.463,-0.00039838139439321883,0.0014012621766596128,1810.184,1812.4683282562864,1812.7223203828264,1810.564521345161,1811.4206816414228,21,0.008905040283307701
2020-11-29 23:00:00+00:00,1786.648,1787.208,0.00031338699969070204,-0.0018089906265422303,1786.648,1783.7415400969955,1783.4188921086136,1786.1632613468107,1787.38080195605,210,0.02592981989236014
2020-12-06 23:00:00+00:00,1838.208,1838.528,0.00017406743416336409,0.0022331525540802183,1838.208,1841.9062141606023,1842.3175858483323,1838.8238529747846,1855.1089834812326,197,0.02080571499438779
2020-12-13 23:00:00+00:00,1838.998,1840.698,0.0009239894387736258,-0.001142059081437965,1838.998,1837.10875117155,1836.8989544785024,1838.6829903277478,1831.3706630335105,197,0.020949907750993906
2020-12-20 23:00:00+00:00,1880.838,1883.818,0.0015831463073443643,-0.0008477111930527254,1880.838,1879.4035805751826,1879.244268182671,1880.5988540910841,1876.6044609140233,197,0.02393159805313846
2020-12-21 18:00:00+00:00,1882.038,1877.905,-0.0021984384681422563,-0.0006536739215924979,1882.038,1880.931110383078,1880.808162839985,1881.853473172669,1881.2793594807063,1,0.0004031764834603
2020-12-27 23:00:00+00:00,1879.125,1882.921,0.002018051500846957,0.01728793781713276,1879.125,1908.5912166435153,1911.8936310449205,1884.0042531051465,1878.1980269651135,302,0.02890720526075826
2021-01-03 23:00:00+00:00,1897.765,1904.998,0.003804080728886599,0.010082468378165097,1897.765,1915.0641093139861,1916.9959403640396,1900.637294779375,1867.8397751396162,293,0.039515515122229214
2021-01-10 23:00:00+00:00,1848.508,1849.163,0.00035427706080439105,0.02378230008713037,1848.508,1888.500064448096,1892.9966968664967,1855.114041804885,1785.8323391527845,197,0.02770141075480351
2021-01-17 23:00:00+00:00,1827.478,1828.608,0.0006181474046188063,0.005656673833265915,1827.478,1836.8054251299268,1837.844739973981,1829.0292750837377,1839.0282629627866,197,0.021312292329663782
2021-01-18 23:00:00+00:00,1837.338,1837.558,0.00011973127961324033,0.0018355824366404342,1837.338,1840.375835424582,1840.7136825869813,1837.8439574557458,1845.523013795621,21,0.00708595181167924
2021-01-24 23:00:00+00:00,1855.198,1854.187,-0.0005451038514654243,0.0006402947659356083,1855.198,1856.267394310074,1856.3862539449688,1855.3761895922792,1824.0708141304958,197,0.02248521257024254
2021-01-31 23:00:00+00:00,1847.048,1863.422,0.008825893371724625,-0.0013530789871016014,1847.048,1844.8000873460467,1844.5504882094356,1846.673157765078,1815.3251506680474,197,0.019905219192157545
2021-02-07 23:00:00+00:00,1814.048,1816.958,0.0016028619192713911,0.004697465307618011,1814.048,1821.7335194518414,1822.5894734775534,1815.3266645652322,1813.9392156331157,197,0.019176139106189153
2021-02-14 23:00:00+00:00,1823.648,1825.118,0.0008057519060040632,0.008957441306160174,1823.648,1838.4091178168426,1840.056599744776,1826.0999298459174,1845.87726062734,197,0.02236934655894086
2021-02-15 23:00:00+00:00,1818.438,1818.918,0.00026392797558771755,0.0019568845145991206,1818.438,1821.6434477290654,1821.9999571957187,1818.971849321721,1825.5545660425803,21,0.004667425650920277
2021-02-21 23:00:00+00:00,1783.398,1781.546,-0.0010390065967981713,0.008681758222357033,1783.398,1797.3873093629736,1798.948435135926,1785.7219674183457,1874.2514323503515,197,0.024172587242651616
2021-02-28 23:00:00+00:00,1733.188,1732.746,-0.0002550539060444146,0.006685490105481088,1733.188,1743.6479269273198,1744.814030778966,1734.9269534697248,1830.3900700475992,197,0.022915507484894442
2021-03-07 23:00:00+00:00,1699.398,1701.718,0.0013642582962958983,0.00479303031720089,1699.398,1706.744573686943,1707.5628176132159,1700.6202292312335,1646.3349597913843,191,0.01826243752015774
2021-03-14 22:00:00+00:00,1726.958,1727.188,0.0001331732939718235,0.0004335929324450417,1726.958,1727.632048614755,1727.7069591433913,1727.070323170165,1797.987542053141,193,0.019917274589793338
2021-03-21 22:00:00+00:00,1744.858,1746.009,0.000659435058230383,-0.002446276055589632,1744.858,1741.020661873592,1740.59481224726,1744.2178568028353,1786.9287902323022,197,0.021019807959260946
2021-03-28 22:00:00+00:00,1731.808,1731.268,-0.0003118614805892275,0.004502097950075604,1731.808,1738.839327779016,1739.6223465244552,1732.9779103713786,1743.9573219530612,197,0.02103102643307209
2021-04-04 22:00:00+00:00,1728.805,1727.929,-0.0005068368111359022,0.009834660528488524,1728.805,1744.1749099520566,1745.8910905305697,1731.3572135929678,1753.308137582707,293,0.03208250280884433
2021-04-11 22:00:00+00:00,1743.028,1743.378,0.00020077982952969385,0.007762666577323632,1743.028,1755.24812832571,1756.611197908063,1745.0587638611003,1774.9009354128639,197,0.0205450197555901
2021-04-18 22:00:00+00:00,1775.748,1776.998,0.0007036810689984975,-0.001736248727589689,1775.748,1772.9753406910093,1772.66753479523,1775.2855891862998,1759.3296221703524,197,0.02464151861117233
2021-04-25 22:00:00+00:00,1776.818,1775.852,-0.0005438163543513498,0.004864245280485043,1776.818,1784.6136422253683,1785.481933235939,1778.114904862833,1787.2303849577713,179,0.021656133336914806
2021-05-02 22:00:00+00:00,1768.428,1768.87,0.00024990826461337615,0.004299781558217186,1768.428,1775.2847272276306,1776.0482250126242,1769.568946012061,1767.8885291495271,197,0.020004863285273372
2021-05-09 22:00:00+00:00,1830.618,1833.43,0.0015349146911180858,0.014850040200317194,1830.618,1855.2485029512736,1858.0056010805456,1834.7002575724534,1864.8077741281181,197,0.023307727032892567
2021-05-16 22:00:00+00:00,1842.688,1844.528,0.0009980430507644381,0.04670289930368162,1842.688,1921.7918086650282,1930.7881249479692,1855.64215257481,1880.187612670871,197,0.029752081790573103
2021-05-23 22:00:00+00:00,1880.898,1882.123,0.0006510726585223645,-0.0025458683017726695,1880.898,1876.5932668236328,1876.1155717023237,1880.1798593410326,1928.85214687555,197,0.022394531501198373
2021-05-30 22:00:00+00:00,1902.648,1903.338,0.000362586729199433,0.006799327094971813,1902.648,1914.3267504843266,1915.6288064637088,1904.5894988129055,1972.9399396513902,197,0.022032486677311874
2021-05-31 22:00:00+00:00,1906.518,1907.388,0.0004562252006682794,-0.000680302522991049,1906.518,1905.3510491772952,1905.2214320736934,1906.3234585753664,1908.6942643224056,21,0.0052621296624341535
2021-06-06 22:00:00+00:00,1890.708,1891.398,0.00036487608102737386,-0.00170777990744652,1890.708,1887.8042103168843,1887.48184243438,1890.223725060287,1956.2846697741923,197,0.022019936722778084
2021-06-13 22:00:00+00:00,1877.048,1876.758,-0.00015450984977753024,1.4111651456569282e-05,1877.048,1877.0718395738156,1877.0744884340406,1877.0519732412768,1867.635335812282,197,0.018494491728390603
2021-06-20 22:00:00+00:00,1763.198,1763.938,0.00041960390008059664,0.004441700818160748,1763.198,1770.2605451648465,1771.047016586636,1764.373131124973,1752.1276813575723,197,0.01952192248733608
2021-06-27 22:00:00+00:00,1780.938,1781.227,0.0001622608726064947,0.001206197456558848,1780.938,1782.8723963761247,1783.087458961249,1781.2602535846133,1762.2383884529308,197,0.019200962375931684
2021-07-04 22:00:00+00:00,1786.978,1786.527,-0.00025241324827841345,0.0032392625535215863,1786.978,1792.1952431413908,1792.7758762714423,1787.8464846145455,1780.4810385601168,197,0.01922004966478542
2021-07-05 22:00:00+00:00,1791.552,1791.368,-0.00010270952193284938,0.0007400277679067273,1791.552,1792.745615849754,1792.878288912433,1791.7508807722402,1788.973715371357,21,0.0067171705155028285
2021-07-11 22:00:00+00:00,1807.838,1807.568,-0.00014936081895200947,0.00032521038710517483,1807.838,1808.3672123698568,1808.4260233062644,1807.9261913054079,1881.6517878598838,197,0.01923806353190699
2021-07-18 22:00:00+00:00,1811.548,1810.891,-0.00036273903146682556,0.0011697083044126867,1811.548,1813.4560886474883,1813.668222518642,1811.865875296704,1798.9031703161052,197,0.01946627360753962
2021-07-25 22:00:00+00:00,1801.698,1801.992,0.0001631660884550274,0.0047228034302143574,1801.698,1809.3724576203,1810.2271904861168,1802.9748120307113,1784.96014123701,197,0.018380970793315764
2021-08-01 22:00:00+00:00,1813.398,1813.321,-4.246262255856732e-05,-0.003961996345724158,1813.398,1806.943306277648,1806.227537802975,1812.3206187378555,1767.5555940722302,197,0.019447986245586767
2021-08-08 22:00:00+00:00,1762.568,1762.888,0.00018153680027712315,0.0022602852309324224,1762.568,1766.1571651809716,1766.5564121954746,1763.1656872778913,1765.624466141164,197,0.020540615877079067
2021-08-13 06:30:00+00:00,1753.948,1758.708,0.0027102015760112315,0.00021242807065233006,1753.948,1754.2833610677237,1754.3206273665196,1754.0038890588753,1757.1224564048234,1,0.0018082560912534
2021-08-15 22:00:00+00:00,1779.218,1778.127,-0.0006133788171830956,-0.0005814531916759409,1779.218,1778.2871647916304,1778.1837687228897,1779.0628269693193,1782.8817609244509,197,0.017907926571671867
2021-08-22 22:00:00+00:00,1780.458,1779.598,-0.00048313847688277083,0.0008774775638245469,1780.458,1781.8646361116248,1782.0209975957052,1780.6923622154804,1810.499432433149,197,0.01995745604289161
2021-08-29 22:00:00+00:00,1816.158,1818.332,0.0011963165447041748,-0.000399285969315952,1816.158,1815.505467486492,1815.432978347658,1816.0492282962393,1796.0731458293694,197,0.018861307549664648
2021-09-05 22:00:00+00:00,1827.288,1829.972,0.0014677657491417096,0.000546597444600833,1827.288,1828.1871329967914,1828.287063969382,1827.4378247846569,1801.61810594856,197,0.018293950764420384
2021-09-06 22:00:00+00:00,1823.005,1822.628,-0.00020682279392574885,0.0009959255083081568,1823.005,1824.6397519947427,1824.821481571297,1823.277356920225,1828.24795511539,21,0.008401167919303457
2021-09-12 22:00:00+00:00,1787.048,1788.354,0.0007305472548732754,0.0015617802066784424,1787.048,1789.5616447537318,1789.8411567755215,1787.4666954705751,1865.4641141770924,197,0.018980916468039462
2021-09-19 22:00:00+00:00,1753.488,1753.962,0.0002702818303243145,0.00432493458962514,1753.488,1760.326649699589,1761.0881441200297,1754.6259272051993,1757.307278403826,197,0.019327471742421092
2021-09-26 22:00:00+00:00,1749.878,1751.498,0.0009253505568080454,-0.0010377314941700912,1749.878,1748.2444497922668,1748.063038372741,1749.6056356718946,1768.3838484189528,197,0.02099878849750082
2021-10-03 22:00:00+00:00,1760.098,1762.078,0.001124305093538884,0.0006657358902211895,1760.098,1761.152900364722,1761.2701505369553,1760.2737728375614,1755.6993686893575,197,0.02037578305613504
2021-10-10 22:00:00+00:00,1756.608,1757.145,0.0003056560914674477,0.0022701485345390775,1756.608,1760.200653855549,1760.6002909090907,1757.206266017217,1698.486315992229,197,0.019923755314182435
2021-10-17 22:00:00+00:00,1766.658,1766.573,-4.811460106410205e-05,-0.0012167647328335974,1766.658,1764.7244124832862,1764.5097001034458,1766.3355883509225,1719.2224779740764,197,0.019890975062738216
2021-10-24 22:00:00+00:00,1791.628,1792.473,0.00047152689930123233,0.00041567212328529524,1791.628,1792.29838222223,1792.3728846180575,1791.7397129548956,1791.9225449735,197,0.01839300388003506
2021-10-31 22:00:00+00:00,1782.988,1783.028,2.2433999175450616e-05,0.00025998180273823933,1782.988,1783.40523880267,1783.4516046962817,1783.0575330209654,1783.6352177864812,197,0.02021364805466621
2021-11-07 23:00:00+00:00,1817.588,1818.383,0.0004372972241357074,0.0010019834558401728,1817.588,1819.2278130633554,1819.4101058130282,1817.8611994959188,1802.8118374030596,201,0.019660114423381215
2021-11-14 23:00:00+00:00,1864.448,1869.364,0.002633235331933654,0.0021390382487494423,1864.448,1868.0407701995084,1868.4403940042828,1865.0463148189592,1806.0939064222798,197,0.018539863317053134
2021-11-21 23:00:00+00:00,1845.175,1846.534,0.0007362444122156627,0.00039956048878427773,1845.175,1845.8386524414339,1845.9124063342997,1845.2855921678201,1819.420245078771,197,0.01971278304249918
2021-11-25 23:15:00+00:00,1788.475,1790.798,0.0012980291395289388,0.001773575600335423,1788.475,1791.3320757108936,1791.6498101725228,1788.9508626388422,1790.939991522955,22,0.006120211366178824
2021-11-28 23:00:00+00:00,1792.665,1790.195,-0.0013787869977059022,0.0024344380018813975,1792.665,1796.5970245691353,1797.0344482180806,1793.3197393069893,1803.4000792464155,210,0.020543777443023
2021-12-05 23:00:00+00:00,1782.788,1784.355,0.0008785743104756317,0.0012596468732188593,1782.788,1784.8102610809224,1785.0350983078663,1783.1248843251162,1822.15375606458,197,0.021171007028884397
2021-12-12 23:00:00+00:00,1782.288,1783.055,0.00043025314076785713,0.0008601862026980851,1782.288,1783.6683238241903,1783.8217591114758,1782.5179797686128,1775.1701436357491,197,0.017697660454411374
2021-12-19 23:00:00+00:00,1797.708,1799.445,0.0009657638332359073,-9.995502032413365e-05,1797.708,1797.5462863282419,1797.5283190404798,1797.681046711108,1768.7230750857834,197,0.019498527127306542
2021-12-26 23:00:00+00:00,1808.355,1808.544,0.00010450941548121318,0.005257187250397103,1808.355,1816.9314483629907,1817.8868943734326,1809.7815915430162,1792.4688183236296,293,0.02375816349426153
2022-01-02 23:00:00+00:00,1829.058,1828.604,-0.00024824601197786416,0.0016344323987154716,1829.058,1831.750504325728,1832.0499160305344,1829.5064757211467,1845.483091369382,197,0.019278597050317422
2022-01-09 23:00:00+00:00,1795.808,1793.955,-0.001032380223752256,-0.002020989252117479,1795.808,1792.5445909910711,1792.1823562606955,1795.2636862080628,1755.6680781339455,197,0.01962626142940243
2022-01-16 23:00:00+00:00,1817.418,1817.044,-0.00020580762782488698,9.996501232907778e-05,1817.418,1817.5815177471131,1817.599687293812,1817.4452519362337,1826.0048587169435,197,0.01870127023813526
2022-01-17 23:00:00+00:00,1819.008,1817.904,-0.0006071084666934765,-0.0005483959556135652,1819.008,1818.1104385494157,1818.0107368421054,1818.8583756595237,1800.7087682585573,21,0.006060984120980037
2022-01-23 23:00:00+00:00,1834.328,1834.524,0.00010684541114561366,0.0030178768189367505,1834.328,1839.3169705318799,1839.8721375037474,1835.1585543665537,1795.1226624575945,197,0.017635131027791982
2022-01-30 23:00:00+00:00,1791.028,1791.928,0.0005023784935840142,0.0011117288526904154,1791.028,1792.8209205623264,1793.0202447163515,1791.3266955299773,1758.8743486204787,197,0.019703442963915335
2022-02-06 23:00:00+00:00,1807.558,1806.719,-0.0004642699024287924,-0.0009026958155373138,1807.558,1806.0900888268657,1805.9270611886282,1807.3132653130062,1858.4775060211332,197,0.018660306411413058
2022-02-13 23:00:00+00:00,1857.898,1859.233,0.000718295942434858,0.008428931257273129,1857.898,1872.045679643687,1873.624279280035,1860.2484997807173,1825.2864383780527,197,0.021645399112465585
2022-02-20 23:00:00+00:00,1897.768,1900.818,0.00160586105221382,0.00603337705813558,1897.768,1908.1009837866,1909.2525604164866,1899.4862698924135,1882.6230482322637,197,0.019973623271752325
2022-02-21 23:00:00+00:00,1905.013,1908.748,0.0019586970416389355,0.0031783694091746017,1905.013,1910.4701529994593,1911.0774674969812,1905.921441791555,1921.8814256544954,15,0.00917322348005614
2022-02-27 23:00:00+00:00,1888.528,1919.206,0.016113869198681872,0.0073684543910961554,1888.528,1901.0935982066164,1902.4949265715793,1890.6164838198686,1966.0124625757073,197,0.020500028107987813
2022-03-06 23:00:00+00:00,1969.848,1974.472,0.0023446384260425784,0.005994558002470184,1969.848,1980.5042512173236,1981.6918318936291,1971.6200517944555,1989.3759670877469,197,0.019290651017366732
2022-03-13 22:00:00+00:00,1988.248,1984.742,-0.0017649180642691842,0.004820150845337704,1988.248,1996.8920256722972,1997.8547897656238,1989.6860681069338,1986.8423304845585,193,0.01879492888506307
2022-03-20 22:00:00+00:00,1921.198,1921.358,8.327790152815857e-05,0.0014580621823829366,1921.198,1923.7207584241778,1924.0012693225299,1921.618229874722,1937.119946373976,197,0.01839506909638967
2022-03-27 22:00:00+00:00,1957.688,1956.968,-0.00036784841790375565,-0.0009815622881793927,1957.688,1955.9593302295577,1955.7673500601602,1957.3997823113687,1965.8362491817247,197,0.019981989561205227
2022-04-03 22:00:00+00:00,1924.778,1923.788,-0.000514477351739112,0.0010314050752926866,1924.778,1926.5655327415084,1926.7642499360636,1925.0758069060746,1942.2704590760254,197,0.017892526368578094
2022-04-10 22:00:00+00:00,1947.138,1946.138,-0.0005137062062854848,-0.0010429882968760727,1947.138,1945.3110996484422,1945.1082165577889,1946.8333975059236,1911.118450205986,197,0.019839032367010356
2022-04-17 22:00:00+00:00,1973.218,1974.038,0.00041547850547095193,0.002322110443737419,1973.218,1977.346139308412,1977.8053542358346,1973.9054242325099,2033.6386041714284,293,0.023042172461149275
2022-04-24 22:00:00+00:00,1930.708,1930.523,-9.582436282199766e-05,-0.0018661964048189044,1930.708,1927.4679494229888,1927.1082796089966,1930.1676135893138,1973.19435423004,197,0.020478195917818617
2022-05-01 22:00:00+00:00,1895.748,1895.635,-5.960885515050071e-05,-0.0020008760964828087,1895.748,1892.3372307863406,1891.9586354305673,1895.1791118461504,1912.1651513900122,197,0.019866536673644526
2022-05-08 22:00:00+00:00,1883.148,1883.068,-4.248295902938279e-05,0.002223108060406703,1883.148,1886.9195691623852,1887.3390984039536,1883.776070939058,1916.4157994857376,197,0.01899864158743928
2022-05-15 22:00:00+00:00,1810.678,1809.648,-0.0005690095465384526,-0.0020714482598025285,1810.678,1807.3054914534841,1806.9311562441032,1810.1154785282606,1783.1063962893354,197,0.018249757347323113
2022-05-22 22:00:00+00:00,1845.738,1844.686,-0.0005701242071347437,-0.0009104350606876558,1845.738,1844.2262373181313,1844.0583401385918,1845.4859535225817,1846.207319595657,197,0.0188691729262348
2022-05-29 22:00:00+00:00,1852.838,1852.538,-0.00016192688712583572,-0.0016774789300361339,1852.838,1850.0428234780989,1849.732508720545,1852.371844144091,1832.8062892103221,197,0.021233616851533563
2022-05-30 22:00:00+00:00,1855.753,1855.938,9.968502235407523e-05,0.0025903482957716434,1855.753,1860.084388909711,1860.566277962721,1856.4741970954399,1871.7197362011611,15,0.006375399840689693
2022-06-05 22:00:00+00:00,1850.338,1850.618,0.0001513122558247402,0.004437538690452272,1850.338,1857.742628222596,1858.5671916396327,1851.5700519701934,1887.32037217448,197,0.019016195598388984
2022-06-12 22:00:00+00:00,1871.038,1874.938,0.002082235128630578,0.007712682812685445,1871.038,1884.0708311735907,1885.524515763685,1873.2038609970189,1826.9664144118778,197,0.019416370763917508
2022-06-19 22:00:00+00:00,1838.778,1837.448,-0.0007235681691097198,-0.0020942605322081666,1838.778,1835.31547199756,1834.931149366835,1838.2004586899634,1894.4521474203905,197,0.020557626064668814
2022-06-20 22:00:00+00:00,1837.718,1837.963,0.00013330863062525038,0.0006619883284337448,1837.718,1838.81321930794,1838.9349506260662,1837.9004912404232,1841.523375070853,15,0.0033489073251658907
2022-06-26 22:00:00+00:00,1825.858,1837.376,0.00628845329358884,0.002891743668307088,1825.858,1830.6161109506995,1831.1455547525923,1826.6501587882008,1841.6446018028323,197,0.01971928015713964
2022-07-03 22:00:00+00:00,1810.598,1812.078,0.0008170755995506585,-0.00357129510951591,1810.598,1804.787780701112,1804.1433528025784,1809.6283327783692,1814.8854597578184,197,0.01912854962598268
2022-07-04 22:00:00+00:00,1807.474,1807.176,-0.0001648845673441028,-1.000455207129291e-05,1807.474,1807.4577254022936,1807.4559171227052,1807.4712875568725,1797.6516308207904,15,0.005106420568357074
2022-07-10 22:00:00+00:00,1741.838,1742.848,0.0005796792183182497,-0.0053104385105039115,1741.838,1733.532931175078,1732.6125935628274,1740.4510639271023,1699.3840717666033,197,0.02006860748351389
2022-07-17 22:00:00+00:00,1707.798,1707.238,-0.0003279614065674833,-0.005182567315325,1707.798,1699.850848113991,1698.9701172114271,1706.4708991866344,1709.5747654939062,197,0.02092882462425606
2022-07-24 22:00:00+00:00,1726.618,1728.148,0.0008857329845358431,0.0017976216986127598,1726.618,1729.4136862878622,1729.7245973888867,1727.0836336719703,1759.372243084863,197,0.019623615862703694
2022-07-31 22:00:00+00:00,1765.698,1764.809,-0.0005036103986137742,0.00046674779832757906,1765.698,1766.439877899145,1766.5223280156895,1765.8216246756672,1786.510525013816,197,0.019780247984811598
2022-08-07 22:00:00+00:00,1774.718,1773.748,-0.000546715129388794,0.000775479316796445,1774.718,1775.9570637323689,1776.0947908695714,1774.9244505724505,1831.6918558268628,197,0.018068608832768663
2022-08-14 22:00:00+00:00,1801.778,1802.308,0.000294110631000715,0.0028847364267658984,1801.778,1806.4619669400608,1806.98315877546,1802.5578168997306,1847.8291270872112,197,0.01953034586103674
2022-08-21 22:00:00+00:00,1746.498,1746.298,-0.0001145214322385551,0.0007652075795220274,1746.498,1747.7012044244577,1747.8349449621928,1746.6984765313252,1748.1238456212213,197,0.018014077990695355
2022-08-28 22:00:00+00:00,1737.338,1736.068,-0.0007312707219341189,-0.0002783067695494253,1737.338,1736.9028928604869,1736.8545543498235,1737.265474574875,1726.9886380483322,197,0.020310525989762206
2022-09-04 22:00:00+00:00,1711.278,1712.598,0.0007710559993399083,0.0013612005429800976,1711.278,1713.3757379750816,1713.6089786475743,1711.6274445550134,1699.7697513198161,197,0.018955830352442273
2022-09-05 22:00:00+00:00,1710.448,1709.418,-0.0006023628008490021,-0.000587716737457604,1710.448,1709.543506208516,1709.4430364277323,1710.2972178086663,1686.5715291264773,15,0.005538186023235832
2022-09-11 22:00:00+00:00,1715.938,1717.058,0.0006524913164687163,0.0015539335674360367,1715.938,1718.3394871888293,1718.6065264772972,1716.338014666581,1710.6654923645995,197,0.020191377910027397
2022-09-18 22:00:00+00:00,1673.898,1675.958,0.0012299037688031519,-0.0018001805041478545,1673.898,1671.1882090525464,1670.887392086331,1673.4460632384973,1676.1244579124802,197,0.019631578545147372
2022-09-25 22:00:00+00:00,1643.598,1643.458,-8.518260722333224e-05,0.0,1643.598,1643.598,1643.598,1643.598,1661.1807281959284,197,0.018882852226636437
2022-10-02 22:00:00+00:00,1659.978,1662.198,0.0013364736428412686,0.0018121418429262117,1659.978,1662.687512942131,1662.9888428053205,1660.4292786696142,1671.1475722213495,197,0.01983468521543357
2022-10-09 22:00:00+00:00,1694.458,1695.464,0.0005935239982110458,9.999500033329732e-05,1694.458,1694.610500457522,1694.6274458,1694.4834157898497,1717.6618374680716,197,0.018092895141635923
2022-10-16 22:00:00+00:00,1643.618,1644.068,0.00027374877212132806,0.002032001599797945,1643.618,1646.6266011934822,1646.961229979432,1644.1190515172507,1657.6290416257968,197,0.018757926985654663
2022-10-23 22:00:00+00:00,1657.298,1657.608,0.00018703396168914615,0.003327358152950996,1657.298,1662.2684201621128,1662.8216084278056,1658.1253700563882,1741.608389082829,197,0.019090727358291027
2022-10-30 22:00:00+00:00,1644.498,1643.398,-0.000669120946064876,0.001021161244131925,1644.498,1646.010062581726,1646.178155332406,1644.7499139364115,1642.7494955946868,197,0.020022602491488253
2022-11-06 23:00:00+00:00,1681.148,1674.327,-0.004065599889979625,0.00019982016251927378,1681.148,1681.4503617271923,1681.483960831335,1681.1983898451508,1680.503162841349,201,0.016445416730511427
2022-11-13 23:00:00+00:00,1771.198,1765.917,-0.002986051583849792,-0.019877009294568253,1771.198,1739.7942262000843,1736.3394702478768,1765.9249469793133,1749.6283672069915,197,0.02123445971357642
2022-11-20 23:00:00+00:00,1750.398,1749.817,-0.000331979610015899,0.0030395010986038733,1750.398,1755.1928582791586,1755.7264304268076,1751.1962324499025,1682.4248543459007,197,0.019569069495736474
2022-11-24 23:00:00+00:00,1754.968,1754.798,-9.68725551122572e-05,-0.001518725662465365,1754.968,1752.5708552010433,1752.3047079784774,1754.5682482944562,1753.830642665529,15,0.004972106595994108
2022-11-27 23:00:00+00:00,1754.417,1755.787,0.0007805814531364035,0.00248432993528535,1754.417,1758.3440842466598,1758.7809691972336,1755.0709044318205,1710.3476721937539,210,0.020670105835215526
2022-12-04 23:00:00+00:00,1797.248,1795.937,-0.0007297147562254753,0.0032906842715886737,1797.248,1802.5786479225103,1803.1719172507612,1798.1353453388465,1799.4555638097195,197,0.01999295036743326
2022-12-11 23:00:00+00:00,1795.397,1795.687,0.00016151112067011,0.00551216711497663,1795.397,1804.326005335205,1805.3208541457911,1796.8820931167613,1783.3779451503472,197,0.01924135898820993
2022-12-18 23:00:00+00:00,1792.598,1792.257,-0.00019024479429623765,-0.0032315705187316007,1792.598,1787.3919581669927,1786.8144431702974,1791.7292745407683,1768.6793067953213,197,0.019321599414322925
2022-12-26 23:00:00+00:00,1798.198,1800.047,0.0010277233277583616,-0.0029721291391998726,1798.198,1793.3943984735836,1792.8614577009685,1797.3965071727114,1763.1389097123174,293,0.025102782500685525
2023-01-02 23:00:00+00:00,1823.463,1826.837,0.0018486157087654709,-0.0005489980922956062,1823.463,1822.5622526096602,1822.462197036224,1823.3128445264592,1820.5333813669859,293,0.02309823512603282
2023-01-08 23:00:00+00:00,1865.598,1867.537,0.0010388052799414648,0.0049503791900403216,1865.598,1873.9284194153324,1874.8563146931667,1866.983827091469,1837.6888017955978,197,0.018121723590919174
2023-01-15 23:00:00+00:00,1919.398,1920.337,0.0004890962624862731,-0.0019097853911965437,1919.398,1916.101759177899,1915.7358598037026,1918.8482330099882,1933.3603990529805,197,0.021498534559673852
2023-01-16 23:00:00+00:00,1913.705,1914.837,0.000591347846249451,-0.0024463041926327906,1913.705,1909.49628070508,1909.0292169606785,1913.0029031388208,1908.814494937357,21,0.004943563049023113
2023-01-22 23:00:00+00:00,1925.298,1926.128,0.0004310091965151999,-9.99850023328921e-05,1925.298,1925.1247569623652,1925.1055086982606,1925.2691250777766,1879.9326231764471,197,0.018101834986389724
2023-01-29 23:00:00+00:00,1927.598,1927.108,-0.00025423469527344113,-0.003642045805791675,1927.598,1921.2899837956486,1920.5903685921937,1926.5452275629184,1883.2748710149242,197,0.01771312618946696
2023-02-05 23:00:00+00:00,1864.548,1864.508,-2.1453150610460053e-05,-0.0064881697002285,1864.548,1853.6919734770768,1852.4896567514147,1862.734257157778,1847.6493587979785,197,0.02004623555113993
2023-02-12 23:00:00+00:00,1864.698,1863.917,-0.00041892231373960603,-0.0001478751169950067,1864.698,1864.4498483219033,1864.4222779518072,1864.656639093484,1881.1117206579495,197,0.02036581520378221
2023-02-19 23:00:00+00:00,1841.898,1840.407,-0.0008098188941350739,0.0006489631046246705,1841.898,1842.974105688242,1843.0937117889346,1842.0773073038174,1808.8349939365764,197,0.01947531659999726
2023-02-20 23:00:00+00:00,1840.965,1841.304,0.00018412560351120297,0.0010019234858234765,1840.965,1842.6258041499425,1842.8104304057333,1841.2416967021602,1849.9365472661202,15,0.006166195125919486
2023-02-26 23:00:00+00:00,1810.665,1810.758,5.136102577392047e-05,-0.0014110662344208648,1810.665,1808.3669880810007,1808.111833523791,1810.2817953194674,1833.6309534860577,197,0.01933909157963786
2023-03-05 23:00:00+00:00,1855.798,1854.644,-0.0006220283390543441,0.0026137208692633583,1855.798,1860.168622764713,1860.6548824642682,1856.5257233398652,1814.9950776150613,197,0.01797217903516682
2023-03-12 22:00:00+00:00,1867.448,1872.398,0.0026471693703940566,0.03381743617128141,1867.448,1925.1588532023352,1931.680267526733,1876.944912259206,1892.3755278505364,193,0.03356809016692292
2023-03-19 22:00:00+00:00,1987.798,1984.148,-0.0018378905591499928,0.009383867060281796,1987.798,2004.6569999263988,2006.539026301437,1990.5979549442854,2022.4243385034956,197,0.01849193218261224
2023-03-26 22:00:00+00:00,1977.988,1979.798,0.000914652851966047,0.005029166437494717,1977.988,1986.9611598390911,1987.9606869952122,1979.4807075893339,1958.8529752950542,197,0.020467860826258802
2023-04-02 22:00:00+00:00,1968.748,1972.298,0.0018015526640156865,0.001469358531405203,1968.748,1971.3532392370423,1971.6429229890346,1969.1819673227603,1909.5611431219797,197,0.01805136387712261
2023-04-09 22:00:00+00:00,2006.476,1993.341,-0.006567824086079802,0.005240587835452175,2006.476,2015.9619551523913,2017.0187146001315,2008.0538871556241,1941.5727663517803,293,0.022616410339216637
2023-04-16 22:00:00+00:00,2003.498,1998.498,-0.00249875442232934,-0.00034005781310468206,2003.498,2002.8849191885038,2002.8168106800001,2003.395806834125,1981.756522194997,197,0.02000863777664695
2023-04-23 22:00:00+00:00,1982.248,1980.748,-0.0007570030712277883,-0.0009076117299832055,1982.248,1980.6294607594548,1980.4497046638817,1981.9781516387518,1922.2299130447896,197,0.01834178342403535
2023-04-30 22:00:00+00:00,1989.548,1990.398,0.00042714148027300065,0.006121017004874193,1989.548,2000.538496488078,2001.763404349517,1991.3755474262816,1979.2732681051762,197,0.018940504365185334
2023-05-07 22:00:00+00:00,2016.298,2016.608,0.0001537352968853273,0.0011945435201443162,2016.298,2018.4668657926813,2018.707994845868,2016.6593157261723,2023.0898713275853,197,0.018387645291781843
2023-05-14 22:00:00+00:00,2009.798,2007.498,-0.0011450489340597116,-0.0012913169411052432,2009.798,2007.4635991808082,2007.2043887418824,2009.4087447692675,2062.954105141083,197,0.018963703151227675
2023-05-21 22:00:00+00:00,1977.448,1976.478,-0.0004906515799535693,-0.0036130837069143365,1977.448,1971.0282268518424,1970.3162064918158,1976.3765875864196,1976.360759414691,197,0.0181510203818655
2023-05-28 22:00:00+00:00,1945.788,1942.078,-0.0019085025698432144,0.0005092946379501353,1945.788,1946.680085890422,1946.7792317880794,1945.9366525872733,1923.6891340957175,197,0.020568500073877352
2023-05-29 22:00:00+00:00,1943.054,1943.704,0.00033446898729449874,0.0010219724956931895,1943.054,1944.841995121857,1945.0407627811865,1943.3518849935338,1924.1829486150034,15,0.005420916489773777
2023-06-04 22:00:00+00:00,1947.738,1947.045,-0.00035586065119069387,-0.009330789795854602,1947.738,1931.4499464333965,1929.6485916221063,1945.0138167749756,1934.2091779771704,197,0.020301111227892576
2023-06-11 22:00:00+00:00,1960.798,1959.324,-0.0007520174471436578,0.0001998401285626845,1960.798,1961.1506932280313,1961.1898852803038,1960.8567777996188,1911.4507991637447,197,0.02104461499327354
2023-06-18 22:00:00+00:00,1957.358,1957.198,-8.174618019975431e-05,-0.007035293608157138,1957.358,1945.0036243684706,1943.6357384422101,1955.2935012842484,1949.403969015516,197,0.018926606295248855
2023-06-19 22:00:00+00:00,1950.125,1950.575,0.00023072781910751886,-0.001657173478922927,1950.125,1947.2186420039518,1946.895980830848,1949.64030592957,1945.5410939646138,15,0.005459716631983532
2023-06-25 22:00:00+00:00,1920.388,1924.948,0.0023717054309401416,-0.003351063312454988,1920.388,1914.6049175522837,1913.9634288120503,1919.4229413024077,1880.446452319383,197,0.018062177575195057
2023-07-02 22:00:00+00:00,1919.538,1918.898,-0.0003334691556305015,-0.003383530143559562,1919.538,1913.701557794084,1913.0541606339932,1918.564024978739,1867.8779845287938,197,0.01830047063795876
2023-07-04 22:00:00+00:00,1925.725,1925.674,-2.64838828710881e-05,0.0009554840126526113,1925.725,1927.381711735855,1927.5658787753325,1926.0010196969977,1915.1954087106706,15,0.004767049254449339
2023-07-09 22:00:00+00:00,1923.838,1923.998,8.316362760380201e-05,-0.0021985617132121334,1923.838,1920.035054782886,1919.6129696276523,1923.2036531191732,1907.777061226801,197,0.019386855647558203
2023-07-16 22:00:00+00:00,1954.748,1954.048,-0.00035816655946400435,-0.0015564205476581953,1954.748,1952.0117479315184,1951.7079564541214,1954.291691774731,1910.7338283442798,197,0.01888590885961867
2023-07-23 22:00:00+00:00,1961.428,1961.498,3.5687647438380854e-05,-0.001757817431113437,1961.428,1958.3274041778664,1957.9831962268004,1960.9108933271891,1926.456518748074,197,0.020139714149311233
2023-07-30 22:00:00+00:00,1958.465,1958.608,7.301370184510328e-05,-0.0005134788302806617,1958.465,1957.5601418119784,1957.4596278234087,1958.3141612614102,1976.7252245451707,197,0.018555300255446116
2023-08-06 22:00:00+00:00,1942.568,1942.098,-0.00024197704631150665,0.0021740839738460874,1942.568,1946.3726964256198,1946.7959001966226,1943.2015992002605,1924.3478378881864,197,0.019149494992319927
2023-08-13 22:00:00+00:00,1913.378,1912.255,-0.0005870924013128888,-0.003164141340846186,1913.378,1907.9369723708105,1907.3333696450627,1912.4700857101589,1960.5638605154156,197,0.018769245212736367
2023-08-20 22:00:00+00:00,1889.258,1889.335,4.0755911002051e-05,-0.0035344733955218646,1889.258,1883.2577695798618,1882.592254750664,1888.256635649888,1886.7767439418667,197,0.020080935146945093
2023-08-27 22:00:00+00:00,1914.778,1915.548,0.00040205455638618175,-0.0004259855446346839,1914.778,1914.0440397301336,1913.9625059574844,1914.6556537464942,1889.1796303577953,197,0.019020110784108576
2023-09-03 22:00:00+00:00,1939.238,1939.948,0.0003660561818527845,-0.001463766955858622,1939.238,1936.6849487980815,1936.4014840017119,1938.8122578651637,1934.3152775286305,197,0.018815851135196467
2023-09-04 22:00:00+00:00,1938.225,1937.798,-0.00022032893082796746,-0.0015637219761827587,1938.225,1935.4991580318947,1935.1965234374998,1937.7704265599768,1939.2737440540518,15,0.003970214280253264
2023-09-10 22:00:00+00:00,1918.258,1919.865,0.0008373885328348588,-0.0035871705684847738,1918.258,1912.0749793913963,1911.389208488529,1917.2261098462916,1896.2009646652098,197,0.0178590706276278
2023-09-17 22:00:00+00:00,1922.738,1923.408,0.000348400714261498,-0.001672644601847621,1922.738,1919.8457259293532,1919.5246308250157,1922.2556519118298,1956.0741868445543,197,0.018414804813972875
2023-09-24 22:00:00+00:00,1924.818,1924.335,-0.0002509643043729585,0.000822198120900495,1924.818,1926.2428506826902,1926.4012325188864,1925.055401900455,1910.6259408945057,197,0.019344510800439654
2023-10-01 22:00:00+00:00,1848.098,1847.268,-0.0004492112629477738,0.002778717300273703,1848.098,1852.7255917309874,1853.2404833300243,1848.8684618387988,1876.7472108377215,197,0.01877683952768942
2023-10-08 22:00:00+00:00,1832.698,1847.405,0.007992753624133599,0.013495481474884509,1832.698,1855.0935598835351,1857.5987880434782,1836.4117289099854,1810.4673343588145,197,0.01868128385537445
2023-10-15 22:00:00+00:00,1932.738,1927.998,-0.002455491585867589,0.00322657602974849,1932.738,1938.3586705268779,1938.9841975993215,1933.6736453169303,2037.1647682185676,197,0.019753456138024796
2023-10-22 22:00:00+00:00,1980.648,1967.114,-0.006856569885560436,0.0014174920538166805,1980.648,1983.1764099788215,1983.4575435838294,1981.069177694827,1977.6790275836327,197,0.01961648698173588
2023-10-29 22:00:00+00:00,2005.648,2004.135,-0.0007546543400502288,-0.0028228122279892543,2005.648,2000.5590561174902,1999.994415558311,2004.7989446120637,1992.683287270326,197,0.01970215745046138
2023-11-05 23:00:00+00:00,1992.058,1991.698,-0.00018073396110595953,-0.001732925476668663,1992.058,1988.953542283247,1988.6089013194317,1991.5402540851665,1980.9881919125664,201,0.019992836852213584
2023-11-12 23:00:00+00:00,1938.148,1938.165,8.771221519052836e-06,-0.0018737700361154356,1938.148,1934.8822751386201,1934.5197566604372,1937.6033300003662,1945.671360925533,197,0.020095800695186954
2023-11-19 23:00:00+00:00,1980.398,1977.698,-0.0013642925380237896,-0.002747672129439329,1980.398,1975.5067143839292,1974.9639844754724,1979.581945521843,1997.5940570162031,197,0.017402913501663186
2023-11-23 23:00:00+00:00,1992.555,1991.698,-0.0004301935711496091,-0.0006054284202415538,1992.555,1991.4695812580596,1991.3490156795337,1992.3740558023972,1998.3399812369876,19,0.004475659948325571
2023-11-26 23:00:00+00:00,2000.505,2000.995,0.00024490816066421886,-0.00019996000866456985,2000.505,2000.1450134958586,2000.105018994302,2000.4449977502884,1982.751866934936,214,0.021798288612606593
2023-12-03 23:00:00+00:00,2071.668,2072.525,0.0004135907821940329,-0.0038972050323871407,2071.668,2064.414384948189,2063.6099970885957,2070.4572966681567,2094.0033526769735,197,0.019053028168930345
2023-12-10 23:00:00+00:00,2004.418,2002.794,-0.0008105386432812763,-0.006624984645865318,2004.418,1992.502244439067,1991.182651923713,2002.427103617103,1985.7376719216902,197,0.01964904477810084
2023-12-17 23:00:00+00:00,2019.485,2018.898,-0.00029071041757753967,-0.0038988489901251315,2019.485,2012.411117909869,2011.626662138058,2018.3042952299488,2023.1321069116495,197,0.02021597877207885
2023-12-25 23:00:00+00:00,2052.908,2053.025,5.6990701032902675e-05,-0.0028654933991548925,2052.908,2047.6204861410454,2047.033825899911,2052.025800460393,2067.4723114893354,293,0.02412381336781711
2024-01-01 23:00:00+00:00,2062.688,2062.598,-4.363333839857417e-05,-0.0008912015293060216,2062.688,2061.0342196917813,2060.8505481914644,2062.4122778247,2053.840367700607,293,0.02560629085976699
2024-01-07 23:00:00+00:00,2045.355,2044.385,-0.00047435779203013685,-0.003173023265236383,2045.355,2039.5223690463974,2038.8753265131813,2044.3817377820474,2039.9323978199416,197,0.019588581975747355
2024-01-14 23:00:00+00:00,2048.675,2048.498,-8.64010380377707e-05,0.0007285970210794474,2048.675,2050.0188332045823,2050.168202407517,2048.8989110106686,2108.536404998611,197,0.020294567149914983
2024-01-15 23:00:00+00:00,2054.505,2053.914,-0.0002877019135957269,0.0004907975558643026,2054.505,2055.412711890751,2055.5135935198823,2054.656257472568,2060.760813784772,15,0.004123259338328408
2024-01-21 23:00:00+00:00,2029.375,2029.715,0.00016752523388012004,-0.001091263709466541,2029.375,2027.3828534795164,2027.1616246173676,2029.0428396927687,2009.1308668380404,197,0.01963781698059451
2024-01-28 23:00:00+00:00,2017.915,2024.215,0.0031171709476417297,0.0025668833487575223,2017.915,2022.5821661276736,2023.101406014606,2018.6921124590826,2006.127627696431,197,0.01689729546128779
2024-02-04 23:00:00+00:00,2039.275,2040.054,0.000381925561517263,-0.0019792188549080476,2039.275,2035.6456790315715,2035.242820069204,2038.6696641318072,2101.1874703123726,197,0.018884965137150638
2024-02-11 23:00:00+00:00,2024.155,2023.495,-0.0003261151561273088,-0.001896083590424068,2024.155,2020.7037751803728,2020.3206691746482,2023.57938679769,2048.051405437551,197,0.020966004377586698
2024-02-18 23:00:00+00:00,2013.055,2014.595,0.0007647139523283085,-0.0005523950972001232,2013.055,2012.0544471946625,2011.9433053632079,2012.8882066534234,2010.3161067932197,197,0.01982252118041427
2024-02-19 23:00:00+00:00,2017.775,2017.498,-0.00013728934842082753,-0.0005819509275127896,2017.775,2016.7184552803976,2016.601095577752,2017.5988707825898,2016.2030312340319,15,0.004362429792614715
2024-02-25 23:00:00+00:00,2035.215,2034.295,-0.00045214289468420893,-0.0017029415168505497,2035.215,2032.0981222400787,2031.7520972780608,2034.695188575578,2028.1703158802445,197,0.018834085136929968
2024-03-03 23:00:00+00:00,2082.395,2081.835,-0.000268957287842249,-0.003882566264868775,2082.395,2075.131165515079,2074.325638474963,2081.18259759015,2014.7799230777616,197,0.02140508742301635
2024-03-10 22:00:00+00:00,2178.965,2179.015,2.294641095274354e-05,0.0007279634500510221,2178.965,2180.3930539469493,2180.5517843693788,2179.2029440226966,2140.1275849188673,193,0.01952502760521405
2024-03-17 22:00:00+00:00,2155.625,2155.395,-0.00010670328609850242,-0.006394505716616352,2155.625,2143.2548887315747,2141.8848212596577,2153.5583678324783,2176.672347090073,197,0.022478176709877434
2024-03-24 22:00:00+00:00,2165.055,2165.475,0.00019397163918364723,0.003287881006944719,2165.055,2171.4710871093394,2172.185158346413,2166.1230298269993,2155.121210230005,197,0.01983279178150458
2024-03-31 22:00:00+00:00,2232.698,2238.435,0.0025662413300890537,-0.0006582980384862297,2232.698,2231.3755891393575,2231.2287029568092,2232.4775437775315,2243.9144213493432,293,0.021935002748235687
2024-04-07 22:00:00+00:00,2328.195,2323.125,-0.0021800271784951208,-0.005227526219277079,2328.195,2317.267096447898,2316.0560555625,2326.3701105069163,2345.498562515685,197,0.020322140171291466
2024-04-14 22:00:00+00:00,2343.285,2352.098,0.003753904782315444,0.045432526637458205,2343.285,2441.086104414252,2452.2018069631104,2359.308741642151,2340.096836927458,197,0.10887921892961065
2024-04-21 22:00:00+00:00,2390.295,2387.635,-0.0011134530120019788,-0.008468144780734375,2390.295,2372.1470160175586,2370.1390978673453,2387.2607228910147,2396.821987709913,197,0.021761662742363255
2024-04-28 22:00:00+00:00,2337.245,2336.065,-0.0005049953994393246,0.005744666796374851,2337.245,2349.3603166898915,2350.7103336430437,2339.259872044939,2342.0669372017005,197,0.02087392279182789
2024-05-05 22:00:00+00:00,2301.175,2304.655,0.0015111285749660815,-0.0013865941928528328,2301.175,2298.3050748096116,2297.986415255683,2300.6964303866034,2239.612381232739,197,0.018484215425363788
2024-05-12 22:00:00+00:00,2360.175,2362.895,0.0011517933465741727,-0.0017631124564214337,2360.175,2356.4328412685627,2356.0174122825233,2359.5508944399844,2348.3087098317487,197,0.018757540383542718
2024-05-19 22:00:00+00:00,2414.525,2417.098,0.0010650666425038296,0.007224570296821276,2414.525,2430.2756658515436,2432.032069977262,2417.143004129796,2456.644041013953,197,0.019694941602826747
2024-05-26 22:00:00+00:00,2333.405,2336.365,0.0012677285589768068,0.002285034967418986,2333.405,2338.20865856082,2338.743008463499,2334.204923883945,2284.230126161758,197,0.019247922096478028
2024-05-27 22:00:00+00:00,2350.754,2351.098,0.00014632532058168782,-0.0013719501038488072,2350.754,2347.8531857911325,2347.5310941441144,2350.2702821952957,2348.2074921784565,15,0.005732156446240846
2024-06-02 22:00:00+00:00,2326.995,2327.425,0.00018477060567109038,0.005336977600582634,2326.995,2338.1990948326593,2339.4473195098712,2328.8586138841383,2337.2590732368726,197,0.020546270643402604
2024-06-09 22:00:00+00:00,2293.415,2294.415,0.00043593595047632637,0.00427921568533224,2293.415,2302.264646053265,2303.2500455736,2294.8875751755954,2311.6271449344026,197,0.01789683127297258
2024-06-16 22:00:00+00:00,2332.184,2331.098,-0.00046576639355420637,0.005587807361074271,2332.184,2343.942156690459,2345.252272413793,2334.139588682862,2298.831696799384,197,0.020061642937510477
2024-06-19 22:00:00+00:00,2327.695,2327.865,7.30309565659438e-05,-0.0012928250023051934,2327.695,2324.9882029777023,2324.687642118863,2327.243648421249,2327.793917263854,15,0.005054083675001471
2024-06-23 22:00:00+00:00,2321.755,2322.775,0.0004392263658101601,-0.001394932535500518,2321.755,2318.842006495776,2318.5185662392128,2321.2692470828692,2323.62155089308,197,0.01953697941667868
2024-06-30 22:00:00+00:00,2326.275,2326.315,1.7194723799322884e-05,-0.0006325670468604903,2326.275,2324.9510045016837,2324.8039404140263,2326.054281735558,2331.42575496139,197,0.017328131317607017
2024-07-04 22:00:00+00:00,2356.555,2356.615,2.5460571124372652e-05,0.0010578011111020231,2356.555,2358.799558111336,2359.0490853879587,2356.9289446407506,2350.7607056497313,15,0.0051654028678914995
2024-07-07 22:00:00+00:00,2390.705,2385.498,-0.0021803939501275757,0.002568947427741573,2390.705,2396.2388307031515,2396.8544909377433,2391.6264168379903,2483.27578508412,197,0.021854356520183815
2024-07-14 22:00:00+00:00,2410.534,2412.455,0.0007966014857526535,0.004194826706448759,2410.534,2419.651795738054,2420.6670106530055,2412.0512431528487,2442.671920178472,197,0.021305607616115253
2024-07-21 22:00:00+00:00,2400.485,2401.298,0.0003386242184490075,0.003025488122897773,2400.485,2407.03028212992,2407.7586364587364,2401.5746430624636,2428.760794329322,197,0.01977730739118891
2024-07-28 22:00:00+00:00,2386.765,2387.645,0.00036863193984812,0.0017538950613541153,2386.765,2390.53549690375,2390.954808514304,2387.393002907135,2358.400184840954,197,0.02036294167498964
2024-08-04 22:00:00+00:00,2443.055,2443.975,0.00037650679896298277,0.002841487602948065,2443.055,2449.3107150283986,2450.0067825203246,2444.096508516121,2409.2824259583667,197,0.026159911313683316
2024-08-11 22:00:00+00:00,2430.925,2430.298,-0.0002579597782193013,0.0038088954430468276,2430.925,2439.272524746968,2440.201795110802,2432.3142677035994,2460.474388997915,197,0.01855198494319806
2024-08-18 22:00:00+00:00,2506.844,2508.298,0.0005798440166752975,0.004696376844019997,2506.844,2517.4622000747568,2518.6447728616063,2508.61058478501,2543.926077599535,197,0.020847640829208692
2024-08-25 22:00:00+00:00,2512.235,2511.275,-0.0003822028867012232,0.0006969874853648667,2512.235,2513.811391094264,2513.9866067083635,2512.4976631835266,2497.0094363856824,197,0.019748528350837236
2024-09-01 22:00:00+00:00,2502.925,2502.435,-0.0001957901136244098,-0.0014066507615413792,2502.925,2499.758337675928,2499.406733708771,2502.396944507584,2496.2723704240634,197,0.01855753633533044
2024-09-02 22:00:00+00:00,2499.228,2499.098,-5.2017415442408556e-05,0.0023993634493629265,2499.228,2504.6307319868192,2505.2317560309402,2500.1276453307223,2498.232640450791,15,0.005145310671222025
2024-09-08 22:00:00+00:00,2497.035,2497.098,2.522960441923947e-05,0.0032038473540613385,2497.035,2504.245497684354,2505.0479482551145,2498.235306243409,2467.5016057177368,197,0.018092048784336956
2024-09-15 22:00:00+00:00,2577.615,2578.725,0.00043053794635190725,0.002249487323456467,2577.615,2582.8387671153387,2583.4198387750703,2578.48489359293,2635.1785744083672,197,0.0196384779284042
2024-09-22 22:00:00+00:00,2621.504,2620.915,-0.00022470542796302538,-0.00100897734525994,2621.504,2619.124546198393,2618.860295796598,2621.107274300324,2636.7553618646025,197,0.019157990778058385
2024-09-29 22:00:00+00:00,2657.955,2657.935,-7.524610178175957e-06,0.0008525240963392406,2657.955,2659.995156192991,2660.2219368563324,2658.2949173362886,2720.7365436509513,197,0.019200084850071096
2024-10-06 22:00:00+00:00,2653.545,2650.375,-0.0011953424551851917,0.004720347615298741,2653.545,2664.8420690825114,2666.100264105637,2655.4245135401975,2636.280956059046,197,0.021041657932692696
2024-10-13 22:00:00+00:00,2656.835,2656.298,-0.0002021406209213704,0.0005239038450432854,2656.835,2658.0880288517014,2658.2272907535394,2657.0437971149354,2690.330390085322,197,0.020218166146931074
2024-10-20 22:00:00+00:00,2721.105,2720.098,-0.0003701387400899465,0.006766566415140032,2721.105,2737.726845332568,2739.5799732800733,2723.86828276376,2686.9300408785452,197,0.017520068050272702
2024-10-27 22:00:00+00:00,2746.625,2735.698,-0.003986271684282348,0.00417048287000157,2746.625,2756.9536490898163,2758.1036716773147,2748.3437504223107,2809.076956332145,197,0.019587581963135012
2024-11-03 23:00:00+00:00,2735.895,2733.298,-0.0009496831416210326,0.002284146845157658,2735.895,2741.525052296692,2742.1513283992113,2736.8325384914374,2638.1496268699616,201,0.01848814645121103
2024-11-10 23:00:00+00:00,2684.035,2683.898,-5.104385618434476e-05,-0.007266025568227342,2684.035,2666.5402249703684,2664.6034137562365,2681.111253550256,2699.333294584897,197,0.020714797113922635
2024-11-17 23:00:00+00:00,2562.715,2564.258,0.0006019146371886102,0.0038865186892809876,2562.715,2571.694731565433,2572.6944197819316,2564.209441532216,2612.028932257714,197,0.02098580305858044
2024-11-24 23:00:00+00:00,2715.805,2713.375,-0.0008951628652084815,0.0041175260315368545,2715.805,2725.887828806457,2727.0104513213832,2717.482877767178,2699.7105137003045,197,0.020163241055214158
2024-11-28 23:00:00+00:00,2637.215,2637.505,0.00010995844340264504,-0.001036683909654709,2637.215,2634.755584993478,2634.4824582789424,2636.804938130147,2619.6282236691827,15,0.004827025936710644
2024-12-01 23:00:00+00:00,2649.945,2653.075,0.0011804595734004747,0.00518115316943258,2649.945,2662.330648773838,2663.7104004661123,2652.005266128215,2612.540688203451,206,0.019298810666913642
2024-12-08 23:00:00+00:00,2632.664,2646.52,0.005249308157131019,0.00013789067293431227,2632.664,2632.990738103456,2633.0270448402434,2632.7184535347315,2550.058493065601,197,0.01931833915788221
2024-12-15 23:00:00+00:00,2647.385,2649.098,0.000646844353027247,-0.00024012967117571015,2647.385,2646.8129176999246,2646.749360631465,2647.28964436391,2624.77033066496,197,0.018739116258781337
2024-12-22 23:00:00+00:00,2622.435,2623.698,0.00048149752375737336,-0.0018242855780811116,2622.435,2618.1328693931455,2617.655290752948,2621.717487623045,2583.4527098732547,197,0.019739392986176427
2024-12-25 23:00:00+00:00,2616.348,2619.205,0.0010913843422407454,0.002614019609421746,2616.348,2622.510512655019,2623.1961316527895,2617.374078897691,2570.83054555699,114,0.01404637929682307
2024-12-29 23:00:00+00:00,2621.348,2620.154,-0.0004555946065280056,0.006625728988855701,2621.348,2637.0262066280784,2638.774007685107,2623.9545462706583,2646.4547053893025,197,0.01905982058303527
2025-01-01 23:00:00+00:00,2624.255,2625.098,0.000321182441815919,-0.000380011404914988,2624.255,2623.357631316933,2623.2579426291795,2624.1054172388663,2614.062412003208,101,0.013117110088083497
2025-01-05 23:00:00+00:00,2639.898,2639.298,-0.0002273073409601447,-0.000933244546528097,2639.898,2637.681627547474,2637.435478834061,2639.5284753030883,2724.246056710304,197,0.019817219714507065
2025-01-12 23:00:00+00:00,2689.755,2690.155,0.00014870137260186117,0.0060746465841786754,2689.755,2704.500651772112,2706.144039436159,2692.2070136175103,2704.894985126949,197,0.019956482552380903
2025-01-19 23:00:00+00:00,2702.645,2701.105,-0.0005699745701380104,-0.012057291871231831,2702.645,2673.4756312259183,2670.2540861720217,2697.761430589417,2728.984591410031,197,0.019412121495180082
2025-01-20 23:00:00+00:00,2707.248,2706.055,-0.0004407660237435406,-0.002089415305156344,2707.248,2702.1618747958705,2701.597339937492,2706.3996481379886,2705.7877209862736,15,0.0034511866066008123
2025-01-26 23:00:00+00:00,2769.805,2770.305,0.00018050183168110724,0.00046001380852602803,2769.805,2770.9519711059947,2771.07944165483,2769.996128876107,2689.95534116331,197,0.01934373567975737
2025-02-02 23:00:00+00:00,2798.085,2793.987,-0.0014656466274335638,0.036812970166411815,2798.085,2892.3430794441365,2903.010275906082,2813.5786110131185,2763.8743307408517,197,0.027880212358786773
2025-02-09 23:00:00+00:00,2860.135,2858.065,-0.0007240040888467135,0.010642834968358373,2860.135,2887.6625770017586,2890.7375046340117,2864.704638291294,2889.5760944933963,197,0.020368868424857477
2025-02-16 23:00:00+00:00,2882.085,2881.745,-0.00011797710910787921,-0.00047743120149588156,2882.085,2880.846868450308,2880.7093311153917,2881.87860779479,2767.8447266081835,197,0.01984934387244968
2025-02-17 23:00:00+00:00,2898.275,2898.545,9.315452271949159e-05,-0.0012733097990083693,2898.275,2894.955540616402,2894.586946557865,2897.7214925670073,2931.0376229923368,15,0.006320390686822515
2025-02-23 23:00:00+00:00,2934.955,2934.815,-4.770203944154409e-05,0.005378266800889671,2934.955,2949.195912271097,2950.7824951325774,2937.3237009902646,2992.2069671771014,197,0.018669404380203147
2025-03-02 23:00:00+00:00,2856.998,2855.205,-0.0006277788302993775,0.0009472120485750166,2856.998,2859.4346030788615,2859.7054649976576,2857.4039562780713,2886.255304426283,197,0.01772581812038892
2025-03-10 04:00:00+00:00,2909.355,2910.615,0.0004329919294034424,-0.002095154481537337,2909.355,2903.87417570213,2903.2658329336546,2908.4408114349994,3030.3045653922836,217,0.01963295887637919
2025-03-16 22:00:00+00:00,2983.795,2984.285,0.00016420691448542642,0.0025695620824719234,2983.795,2990.7033268842542,2991.471905412406,2984.9452786382685,2917.5888939904144,197,0.018350262066930908
2025-03-23 22:00:00+00:00,3022.705,3020.155,-0.0008439712822606785,0.003724584882405281,3022.705,3032.854490896494,3033.98431368821,3024.3942200313613,2933.802040037175,197,0.021645006637763937
2025-03-30 22:00:00+00:00,3083.898,3086.498,0.0008427336442836237,0.006351849820147544,3083.898,3101.578098711152,3103.548800353785,3086.8376687461955,3082.40262194255,197,0.01909183457004725
2025-04-06 22:00:00+00:00,3037.998,3006.765,-0.010333995874116451,-0.00504735526313162,3037.998,3024.228828058578,3022.7027774877233,3035.6987921995183,3029.1678811702873,197,0.02045767554839029
2025-04-13 22:00:00+00:00,3236.375,3229.155,-0.002233383187801532,0.0005134519314150198,3236.375,3237.8708963003405,3238.037149674997,3236.624268048094,3182.0259267593556,197,0.01918688429757811
2025-04-20 22:00:00+00:00,3326.925,3331.835,0.001474749319660343,0.002374720394966734,3326.925,3334.0430688159468,3334.834904839005,3328.110288589645,3214.481448145839,293,0.023639349073146382
2025-04-27 22:00:00+00:00,3318.625,3324.265,0.0016980565251557647,0.0018083187567836808,3318.625,3324.03041607957,3324.631561085973,3319.525291870715,3369.2348125704375,197,0.019730446540221522
2025-05-04 22:00:00+00:00,3239.415,3239.195,-6.791580295290324e-05,0.001790070501689148,3239.415,3244.6381093613777,3245.218974446122,3240.2849339731433,3222.7277222198436,197,0.01922760549899398
2025-05-11 22:00:00+00:00,3323.345,3271.805,-0.015629985443533227,-0.006222480737154137,3323.345,3304.7855120106847,3302.729755253466,3320.2445296345613,3255.904221192112,197,0.019463306375197637
2025-05-18 22:00:00+00:00,3202.465,3218.455,0.004980604977027781,0.0008715227849731096,3202.465,3204.977904489269,3205.2572377882684,3202.8836805484634,3272.340183697421,197,0.021003282110684487
2025-05-25 22:00:00+00:00,3356.575,3355.698,-0.00026131237659447444,0.0011647391307623802,3356.575,3360.0954256705745,3360.4868119258135,3357.1614813680185,3423.361825993022,197,0.01788096245562082
2025-05-26 22:00:00+00:00,3341.635,3342.498,0.00025822346886130067,0.0017924130037309828,3341.635,3347.0299813706374,3347.629961145857,3342.5335592929478,3335.9133736867293,15,0.005123618607902813
2025-06-01 22:00:00+00:00,3288.865,3298.375,0.0028874024954747782,0.0026850578996329743,3288.865,3296.822324426352,3297.707659162373,3290.189885729069,3286.6732999827177,197,0.01855074596163979
2025-06-08 22:00:00+00:00,3309.625,3311.395,0.0005346608353892747,0.00032881013063798287,3309.625,3310.6045593386684,3310.7134171601006,3309.7882397598755,3136.708203491591,197,0.019607585903079764
2025-06-15 22:00:00+00:00,3431.855,3451.065,0.005581947742808095,0.010053101340901902,3431.855,3463.046602259389,3466.5297886514,3437.0340218262804,3373.8899321235804,197,0.018880386395091306
2025-06-19 22:00:00+00:00,3370.075,3368.405,-0.0004956607526296932,-9.116395777613779e-06,3370.075,3370.0473494696826,3370.0442772025403,3370.0703915625254,3342.847986825627,15,0.003182998263936792
2025-06-22 22:00:00+00:00,3368.005,3390.698,0.00671521896339009,0.018914665849651197,3368.005,3425.8300071332337,3432.315982186329,3377.5742719226578,3336.446369274416,197,0.019392247756346494
2025-06-29 22:00:00+00:00,3273.335,3272.145,-0.00036360970107959735,-0.0032044629378278717,3273.335,3263.9082473681674,3262.8625076277117,3271.7619859765823,3204.0036151330683,197,0.019549555099629676
2025-07-06 22:00:00+00:00,3336.248,3334.015,-0.0006695388422969065,0.0005717664295383653,3336.248,3337.965240945745,3338.156100048808,3336.534145461505,3442.6879827868206,213,0.0185055454769196
2025-07-13 22:00:00+00:00,3354.725,3362.948,0.0024481704027783054,-0.0012989998389877993,3354.725,3350.8052832052585,3350.3700419224524,3354.071395594242,3428.883434898546,197,0.018643293528606376
2025-07-20 22:00:00+00:00,3349.655,3349.898,7.254215321732504e-05,-0.0012149975761124455,3349.655,3345.994161489015,3345.5876487055275,3349.0445822200268,3396.0636954223014,197,0.018755338018110607
2025-07-27 22:00:00+00:00,3335.575,3316.938,-0.005603010097700223,0.0009567710296348502,3335.575,3338.4484803651494,3338.76790872489,3336.05374158171,3293.9964726336066,197,0.020103660509216387
2025-08-03 22:00:00+00:00,3362.425,3364.698,0.0006757718229620355,0.0025496894044855292,3362.425,3370.149685063053,3371.0090781120184,3363.711216852715,3338.139945347475,197,0.018120040616400858
2025-08-10 22:00:00+00:00,3398.579,3397.298,-0.000376993290247082,-0.0004065012779155013,3398.579,3397.3358533812393,3397.197754051545,3398.3717773117964,3457.6517409933067,197,0.018871388759669285
2025-08-17 22:00:00+00:00,3334.645,3336.015,0.00041075396415408586,0.00022967942618685961,3334.645,3335.3343806641187,3335.4109873125326,3334.7598868815458,3366.184103144921,197,0.019306097747550936
2025-08-24 22:00:00+00:00,3371.235,3370.835,-0.00011865791973957031,-0.0015707733288291786,3371.235,3366.4724657600736,3365.943710772727,3370.4407766660543,3351.3810453876767,197,0.01942260101168994
2025-08-31 22:00:00+00:00,3446.805,3445.648,-0.00033572953224851083,0.0026484373693732156,3446.805,3455.03058177794,3455.9457461708803,3448.174569098377,3451.497228190447,197,0.018641458488885276
2025-09-01 22:00:00+00:00,3476.225,3476.505,8.054390150384214e-05,0.00046715209487820965,3476.225,3477.686840496215,3477.8493051602577,3476.468597403331,3508.0518272691793,15,0.00704401126072948
2025-09-07 22:00:00+00:00,3585.195,3582.104,-0.0008625286015361595,0.004420910212017186,3585.195,3599.488258958959,3601.0799122010458,3587.5732622472724,3548.2089273697266,197,0.019633819692156388
2025-09-14 22:00:00+00:00,3642.635,3643.605,0.00026625529922990417,0.003825437265694227,3642.635,3655.1978183204433,3656.5963587996,3644.7258005607578,3709.1516181774746,197,0.01835932012262343
2025-09-21 22:00:00+00:00,3684.489,3686.698,0.0005993607450546747,-8.260389815334932e-05,3684.489,3684.2150923430618,3684.184659415929,3684.443347309717,3754.4781826488743,197,0.01958783001191046
2025-09-28 22:00:00+00:00,3759.005,3756.045,-0.0007877526172333857,-0.00045085065672905556,3759.005,3757.480034524574,3757.310632109241,3758.7507961147617,3777.843719777623,197,0.017912487663253904
2025-10-05 22:00:00+00:00,3886.825,3887.955,0.0002906834683313184,0.0023983360584959854,3886.825,3895.223782430825,3896.158100032058,3888.223538429887,4142.64194689958,197,0.020562306101374633
2025-10-12 22:00:00+00:00,4017.845,4000.535,-0.004317587066324864,-0.004887677666941586,4017.845,4000.2096783848106,3998.254982569066,4014.900389863427,4150.992042167496,197,0.03165581671719867
2025-10-19 22:00:00+00:00,4250.855,4247.775,-0.0007248227384518119,-0.007295134212334947,4250.855,4223.036919446368,4219.9572807907125,4246.205960455139,4225.333326877059,197,0.020111249313180663
2025-10-26 22:00:00+00:00,4111.555,4064.051,-0.011621043042277719,-0.002660602066965405,4111.555,4101.721487518978,4100.630327815722,4109.914445626736,4102.829494921924,197,0.019399355512470302
2025-11-02 23:00:00+00:00,4001.505,3983.498,-0.004510212588494311,-0.0001344535257393834,4001.505,4001.0208144858307,4000.96701971197,4001.424298345473,4097.321474376588,201,0.018522711841478256
2025-11-09 23:00:00+00:00,4000.289,3997.898,-0.0005978855136108926,-0.000347738639142834,4000.289,3999.0372463398844,3998.898186780725,4000.0803471838403,3981.461803435027,197,0.018987610297735262
2025-11-16 23:00:00+00:00,4082.019,4084.898,0.0007050396420727037,0.010830442237363012,4082.019,4122.002615423298,4126.469344942344,4088.655900231357,4176.057802497961,197,0.019986909466064403
2025-11-23 23:00:00+00:00,4064.279,4070.098,0.001430718294124407,-0.0035864716539001046,4064.279,4051.181370512116,4049.7286863132076,4062.0931248071183,4120.297492692591,197,0.01830367095046185
2025-11-27 23:00:00+00:00,4157.448,4156.825,-0.00014986277240752933,-0.00033696047531793364,4157.448,4156.187385070723,4156.047340342536,4157.237870962305,4168.9209534014935,15,0.006602727606896317
2025-11-30 23:00:00+00:00,4218.959,4222.298,0.0007911144451937083,0.0038130743012123416,4218.959,4233.462355560396,4235.076914013715,4221.3727708468805,4154.961035980911,206,0.01841623932972668
2025-12-07 23:00:00+00:00,4197.405,4199.615,0.0005263772269275767,0.0012603703054728777,4197.405,4202.168957606836,4202.6986198819395,4198.198617709857,4204.930665625739,197,0.018077508256385027
2025-12-14 23:00:00+00:00,4298.705,4299.298,0.0001379390076835326,0.001528889062121983,4298.705,4304.624090150774,4305.282269732467,4299.690949509603,4346.943318687209,197,0.018186968545647463
2025-12-21 23:00:00+00:00,4338.669,4338.898,5.2779771116362926e-05,0.002972483391266818,4338.669,4350.291498914941,4351.584808045183,4340.603924564185,4324.217003949394,197,0.019043203433518414
2025-12-25 23:00:00+00:00,4479.029,4490.045,0.002456442111930518,0.0028601595125840587,4479.029,4490.573515907284,4491.858075256607,4480.951022877644,4512.344222498236,114,0.013633798066793337
2025-12-28 23:00:00+00:00,4532.365,4538.698,0.0013963084654890602,-0.0013089266609313745,4532.365,4527.028863645107,4526.436347546515,4531.475207345522,4566.920577622339,197,0.0184431786978229
